booking_reference,date_of_booking,customer_name,email,phone,trip_name,trip_image,destination,selected_date,alternative_date,adults,children,price_adult,price_child,total_price,payment_method,how_heard,stay_location,Description,Trip Category,available_spots,tour_guide,group_size,meeting_point,departure_time,return_time,rating,reviews_count,contact_email,contact_phone,what_to_bring,trip_difficulty,languages_available,age_restrictions,transportation_type,meals_included,cancellation_policy,included_in_price,not_included
BOOK-TRIP030-1740897362,2025-03-02,welwel,w@gmail.com,01018381211,Blue Hole Snorkeling Tour,TRIP030.jpg,Sharm El Sheikh,2025-03-01,2025-03-08,3,2,110.0,50.0,430.0,,TripAdvisor,Albatross Garden,Explore the underwater world of Sharm El Sheikh,"Family, Couples, Indeviduals,Group",20,John Doe - Licensed Egyptologist,10-20 people,Hotel Lobby,9:00 AM,6:00 PM,4.5/12,65,info@egypttrips.com,+20 123 456 789,"towel,suncream, Cash, Walking shose",Easy,"English, French, German, Arabic, Russian., Polish,",2-70 Year Old,"Bus, Van, Boat","Lunch, Snacks",Free cancellation within 24 hours,"Transportation, Guide, Entrance Fees, Meals","Drinks, Shoping, Guide Tips,"
BOOK-TRIP030-1740897531,2025-03-02,dodoooo,w@gmail.com,01018381211,Blue Hole Snorkeling Tour,TRIP030.jpg,Sharm El Sheikh,2025-03-01,2025-03-08,3,2,110.0,50.0,430.0,,TripAdvisor,Albatross Garden,Explore the underwater world of Sharm El Sheikh,"Family, Couples, Indeviduals,Group",20,John Doe - Licensed Egyptologist,10-20 people,Hotel Lobby,9:00 AM,6:00 PM,4.5/12,65,info@egypttrips.com,+20 123 456 789,"towel,suncream, Cash, Walking shose",Easy,"English, French, German, Arabic, Russian., Polish,",2-70 Year Old,"Bus, Van, Boat","Lunch, Snacks",Free cancellation within 24 hours,"Transportation, Guide, Entrance Fees, Meals","Drinks, Shoping, Guide Tips,"
BOOK-TRIP026-1740898846,2025-03-02,Sosooo,w@gmail.com,01018381211,Ras Mohammed National Park Tour,TRIP026.jpg,Sharm El Sheikh,2025-03-18,2025-03-19,4,2,102.0,50.0,508.0,,TripAdvisor,Aboali hotel,Explore the underwater world of Sharm El Sheikh,"Family, Couples, Indeviduals,Group",20,John Doe - Licensed Egyptologist,10-20 people,Hotel Lobby,9:00 AM,6:00 PM,4.5/11,61,info@egypttrips.com,+20 123 456 789,"towel,suncream, Cash, Walking shose",Easy,"English, French, German, Arabic, Russian., Polish,",2-70 Year Old,"Bus, Van, Boat","Lunch, Snacks",Free cancellation within 24 hours,"Transportation, Guide, Entrance Fees, Meals","Drinks, Shoping, Guide Tips,"
BOOK-TRIP017-1740929414,2025-03-02,Amazing man,walid08@gmail.com,7591464519,Day Trip to Luxor from Hurghada,TRIP017.jpg,Hurghada,2025-03-08,2025-03-22,3,2,84.0,50.0,352.0,,TripAdvisor,lolooo hotel ,Explore the underwater world of Sharm El Sheikh,"Family, Couples, Indeviduals,Group",20,John Doe - Licensed Egyptologist,10-20 people,Hotel Lobby,9:00 AM,4:00 PM,4.7/9,52,info@egypttrips.com,+20 123 456 789,"towel,suncream, Cash, Walking shose",Moderate,"English, French, German, Arabic, Russian., Polish,",2-70 Year Old,"Bus, Van, Boat","Lunch, Snacks",Free cancellation within 24 hours,"Transportation, Guide, Equipment, Meals","Drinks, Shoping, Guide Tips,"
BOOK-TRIP009-1740959544,2025-03-02,Walid,w@gmail.com,0758421364,Edfu and Kom Ombo Temples Tour,TRIP009.jpg,Luxor,2025-03-16,2025-03-17,4,4,68.0,50.0,472.0,,Instagram,Albatross,Explore the underwater world of Sharm El Sheikh,"Family, Couples, Indeviduals,Group",20,John Doe - Licensed Egyptologist,10-20 people,Hotel Lobby,9:00 AM,4:00 PM,4.7/7,44,info@egypttrips.com,+20 123 456 789,"towel,suncream, Cash, Walking shose",Moderate,"English, French, German, Arabic, Russian., Polish,",2-70 Year Old,"Bus, Van, Boat","Lunch, Snacks",Free cancellation within 24 hours,"Transportation, Guide, Equipment, Meals","Drinks, Shoping, Guide Tips,"
BOOK-TRIP014-1740972820,2025-03-03,Amazing man,w@gmail.com,ydrk,Quad Biking Desert Safari,TRIP014.jpg,Hurghada,2025-03-08,2025-03-09,3,2,78.0,50.0,334.0,,Instagram,lolooo hotel ,Explore the underwater world of Sharm El Sheikh,"Family, Couples, Indeviduals,Group",20,John Doe - Licensed Egyptologist,10-20 people,Hotel Lobby,9:00 AM,6:00 PM,4.5/8,49,info@egypttrips.com,+20 123 456 789,"towel,suncream, Cash, Walking shose",Easy,"English, French, German, Arabic, Russian., Polish,",2-70 Year Old,"Bus, Van, Boat","Lunch, Snacks",Free cancellation within 24 hours,"Transportation, Guide, Entrance Fees, Meals","Drinks, Shoping, Guide Tips,"
BOOK-TRIP005-1740979855,2025-03-03,mamdouh,gl@gmail.com,01018381211,Valley of the Kings Tour,TRIP005.jpg,Luxor,2025-03-07,2025-03-08,3,2,60.0,50.0,280.0,,TripAdvisor,Aboali hotel,Explore the underwater world of Sharm El Sheikh,"Family, Couples, Indeviduals,Group",20,John Doe - Licensed Egyptologist,10-20 people,Hotel Lobby,9:00 AM,4:00 PM,4.7/6,40,info@egypttrips.com,+20 123 456 789,"towel,suncream, Cash, Walking shose",Moderate,"English, French, German, Arabic, Russian., Polish,",2-70 Year Old,"Bus, Van, Boat","Lunch, Snacks",Free cancellation within 24 hours,"Transportation, Guide, Equipment, Meals","Drinks, Shoping, Guide Tips,"
BOOK-TRIP014-1741461017,2025-03-08,Walid Ashour,w.ashour75@hotmail.com,07591464519,Quad Biking Desert Safari,TRIP014.jpg,Hurghada,2025-03-10,2025-03-11,4,2,15.0,10.0,80.0,,TripAdvisor,sherton,"Get ready for an adrenaline-packed Hurghada Quad Biking Desert Safari! Zoom through the vast, golden dunes on a powerful quad bike, exploring the stunning desert landscape. Feel the thrill of the ride as you visit traditional Bedouin camps, enjoy a delicious dinner, and watch a cultural show under the stars. An unforgettable adventure in the heart of the desert!","Family, Couples, Indeviduals,Group",20,John Doe - Licensed Egyptologist,10-20 people,Hotel Lobby,9:00 AM,6:00 PM,4.5/8,49,info@egypttrips.com,+20 123 456 789,"towel,suncream, Cash, Walking shose",Easy,"English, French, German, Arabic, Russian., Polish,",2-70 Year Old,"Bus, Van, Boat","Lunch, Snacks",Free cancellation within 24 hours,"Transportation, Guide, Entrance Fees, Meals","Drinks, Shoping, Guide Tips,"
BOOK-TRIP015-1741499080,2025-03-09,omina,walid08@gmail.com,ydrk,Glass-Bottom Boat Ride,TRIP015.jpg,Hurghada,2025-03-15,2025-03-17,4,2,11.0,8.0,60.0,,Facebook,lolooo hotel ,"Set sail on a Hurghada Glass-Bottom Boat Ride for an unforgettable underwater adventure without getting wet! Glide over vibrant coral reefs and colorful marine life, all visible through the boat's transparent floor. ItÂs the perfect way to experience the beauty of the Red Sea in comfort and style. A must-do for nature lovers and explorers","Family, Couples, Indeviduals,Group",20,John Doe - Licensed Egyptologist,10-20 people,Hotel Lobby,9:00 AM,4:00 PM,4.7/8,50,info@egypttrips.com,+20 123 456 789,"towel,suncream, Cash, Walking shose",Moderate,"English, French, German, Arabic, Russian., Polish,",2-70 Year Old,"Bus, Van, Boat","Lunch, Snacks",Free cancellation within 24 hours,"Transportation, Guide, Equipment, Meals","Drinks, Shoping, Guide Tips,"
BOOK-TRIP017-1742338782,2025-03-18,Amazing man,walid08@gmail.com,74674647,Day Trip to Luxor from Hurghada,TRIP017.jpg,Hurghada,2025-03-19,2025-03-20,2,1,55.0,35.0,145.0,,Facebook,lolooo hotel ,"Embark on an epic Day Trip to Luxor from Hurghada and dive into EgyptÃÂs ancient wonders! Explore the awe-inspiring Valley of the Kings, walk through the grand Karnak Temple, and marvel at the stunning Luxor Temple. With a guided tour and breathtaking sights, itÃÂs a whirlwind adventure through history that you wonÃÂt forget!","Family, Couples, Indeviduals,Group",20,John Doe - Licensed Egyptologist,10-20 people,Hotel Lobby,9:00 AM,4:00 PM,4.7/9,52,info@egypttrips.com,+20 123 456 789,"towel,suncream, Cash, Walking shose",Moderate,"English, French, German, Arabic, Russian., Polish,",2-70 Year Old,"Bus, Van, Boat","Lunch, Snacks",Free cancellation within 24 hours,"Transportation, Guide, Equipment, Meals","Drinks, Shoping, Guide Tips,"
BOOK-Trip014-1742537555,2025-03-21,Hurghada,redseaegypt24@gmail.com,57234567347,Safari na pustyni na rowerze Quad,Trip014.jpg,Hurghada,2025-03-22,2025-03-23,3,2,15.0,10.0,65.0,,Instagram,seerton ,"Przygotuj siÄ na peÅen adrenaliny Hurghada Quad Biking Desert Safari! PowiÄksz rozlegÅe, zÅote wydmy na potÄÅ¼nym quadu, badajÄc oszaÅamiajÄcy pustynny krajobraz. Poczuj dreszczyk emocji podczas odwiedzania tradycyjnych obozÃ³w BeduinÃ³w, zjedz pyszny obiad i oglÄdaj kulturalny pokaz pod gwiazdami. Niezapomniana przygoda w sercu pustyni!","Rodzina, pary, IndeviDuals, grupa",20,John Doe - licencjonowany egiptolog,10-20 osÃ³b,Lobby hotelowe,9:00,18:00,4.5/8,49,info@egypttrips.com,+20 123 456 789,"RÄcznik, Suncream, gotÃ³wka, ustalenie spacerÃ³w",Åatwy,"Angielski, francuski, niemiecki, arabski, rosyjski., Polski,",2-70 lat,Autobus z Åodzi,"Lunch, przekÄski",BezpÅatne anulowanie w ciÄgu 24 godzin,"Transport, przewodnik, opÅaty za wstÄp, posiÅki","Napoje, zakupy, wskazÃ³wki przewodnikÃ³w,"
BOOK-TRIP016-1742547748,2025-03-21,Phero,luxorsailingdahabiya@gmail.com,7645655646,Super Safari Trip,TRIP016.jpg,Hurghada,,,1,0,18.0,12.0,18.0,,Facebook,ssssssssssssss,"Get ready for the ultimate adventure with the Super Safari Trip in Hurghada! Zoom across the desert on a quad bike, race through the dunes in a 4x4 jeep, and ride camels like a true desert explorer. Stop at a Bedouin village for some local vibes, enjoy a tasty BBQ dinner, and end the night with a thrilling cultural show. ItÃÂs the wildest ride youÃÂll ever have in the heart of the desert! Ride across the dunes on a quad bike, hop on a 4x4 jeep for a wild safari, and visit traditional Bedouin villages. Experience camel rides, enjoy a tasty dinner, and watch a vibrant cultural show under the starry desert sky. A full day of fun and excitement!","Family, Couples, Indeviduals,Group",20,John Doe - Licensed Egyptologist,10-20 people,Hotel Lobby,9:00 AM,6:00 PM,4.5/8,51,info@egypttrips.com,+20 123 456 789,"towel,suncream, Cash, Walking shose",Easy,"English, French, German, Arabic, Russian., Polish,",2-70 Year Old,"Bus, Van, Boat","Lunch, Snacks",Free cancellation within 24 hours,"Transportation, Guide, Entrance Fees, Meals","Drinks, Shoping, Guide Tips,"
BOOK-TRIP016-1742547765,2025-03-21,Phero,luxorsailingdahabiya@gmail.com,7645655646,Super Safari Trip,TRIP016.jpg,Hurghada,,,1,0,18.0,12.0,18.0,,Facebook,ssssssssssssss,"Get ready for the ultimate adventure with the Super Safari Trip in Hurghada! Zoom across the desert on a quad bike, race through the dunes in a 4x4 jeep, and ride camels like a true desert explorer. Stop at a Bedouin village for some local vibes, enjoy a tasty BBQ dinner, and end the night with a thrilling cultural show. ItÃÂs the wildest ride youÃÂll ever have in the heart of the desert! Ride across the dunes on a quad bike, hop on a 4x4 jeep for a wild safari, and visit traditional Bedouin villages. Experience camel rides, enjoy a tasty dinner, and watch a vibrant cultural show under the starry desert sky. A full day of fun and excitement!","Family, Couples, Indeviduals,Group",20,John Doe - Licensed Egyptologist,10-20 people,Hotel Lobby,9:00 AM,6:00 PM,4.5/8,51,info@egypttrips.com,+20 123 456 789,"towel,suncream, Cash, Walking shose",Easy,"English, French, German, Arabic, Russian., Polish,",2-70 Year Old,"Bus, Van, Boat","Lunch, Snacks",Free cancellation within 24 hours,"Transportation, Guide, Entrance Fees, Meals","Drinks, Shoping, Guide Tips,"
BOOK-Trip048-1742679174,2025-03-22,Amazing man,walid08@gmail.com,74674647,Круиз по ужину на реке Нил,Trip048.jpg,Каир,2025-03-23,2025-03-24,3,1,14.0,8.0,50.0,,Facebook,lolooo hotel ,"Полезу парус на волшебный круиз по ужину на реке Нил в Каире! Наслаждайтесь расслабляющим вечером, когда вы путешествуете по исторической реке, с потрясающим видом на достопримечательности города, включая Каирскую башню и пирамиды. Побалуйте себя вкусный ужин с шведским столом, сопровождаемый живой музыкой и традиционными развлечениями, создавая идеальное сочетание культуры, кухни и захватывающих дух видов. Поистине незабываемый опыт!","Семья, пары, невидимые, группа",20,Джон Доу - лицензированный египтолог,10-20 человек,Лобби отеля,9:00 утра,18:00,"4,5/16",83,info@egypttrips.com,+20 123 456 789,"полотенце, солнцезащитный крем, наличные, ходьба",Легкий,"Английский, французский, немецкий, арабский, русский., Польский,",2-70 лет,"Автобус, с лодки","Обед, закуски",Бесплатная отмена в течение 24 часов,"Транспорт, гид, входные сборы, еда","Напитки, покупки, советы по гидам,"
BOOK-Trip007-1742691356,2025-03-23,Amazing man,walid08@gmail.com,74674647,معبد Hatshepsut وجولة الضفة الغربية,Trip007.jpg,الاقصر,2025-03-21,2025-03-22,3,1,20.0,11.0,71.0,,Facebook,lolooo hotel ,خطوة إلى عالم الفراعنة في هذه الجولة المثيرة معبد Hatshepsut وجولة الضفة الغربية! Marvel في معبد Cliffside المذهل لأقوى ملكة مصر ، ثم يستكشف كولوسي من Memnon والكنوز الخفية للضفة الغربية. المشي من خلال المقابر القديمة ، وسماع القصص الرائعة ، ونقع في وجهات النظر الصحراوية لالتقاط الأنفاس. التاريخ لم يكن هذا متعة!,الأسرة ، الأزواج ، indeviduals ، مجموعة,20,جون دو - عالم المصريات المرخص,10-20 الناس,ردهة الفندق,9:00 صباحا,4:00 مساءً,4.7/6,42,info@egypttrips.com,+20 123 456 789,منشفة ، أشعة الشمس ، نقدًا ، مشى المشي,معتدل,الإنجليزية ، الفرنسية ، الألمانية ، العربية ، الروسية ، البولندية ،,2-70 سنة,حافلة ، من القارب,الغداء ، الوجبات الخفيفة,الإلغاء المجاني في غضون 24 ساعة,النقل ، الدليل ، المعدات ، وجبات الطعام,المشروبات ، التسوق ، نصائح توجيه ،
BOOK-TRIP014-1742705071,2025-03-23,Walid Ashour,w.ashour75@hotmail.com,07591464519,Quad Biking Desert Safari,TRIP014.jpg,Hurghada,2025-03-15,2025-03-22,3,2,15.0,10.0,65.0,,Facebook,sherton,"Get ready for an adrenaline-packed Hurghada Quad Biking Desert Safari! Zoom through the vast, golden dunes on a powerful quad bike, exploring the stunning desert landscape. Feel the thrill of the ride as you visit traditional Bedouin camps, enjoy a delicious dinner, and watch a cultural show under the stars. An unforgettable adventure in the heart of the desert!","Family, Couples, Indeviduals,Group",20,John Doe - Licensed Egyptologist,10-20 people,Hotel Lobby,9:00 AM,6:00 PM,4.5/8,49,info@egypttrips.com,+20 123 456 789,"towel,suncream, Cash, Walking shose",Easy,"English, French, German, Arabic, Russian., Polish,",2-70 Year Old,"Bus, Van, Boat","Lunch, Snacks",Free cancellation within 24 hours,"Transportation, Guide, Entrance Fees, Meals","Drinks, Shoping, Guide Tips,"
BOOK-TRIP014-1742705130,2025-03-23,Walid Ashour,washour08@gmail.com,07591464519,Quad Biking Desert Safari,TRIP014.jpg,Hurghada,2025-03-15,2025-03-22,3,2,15.0,10.0,65.0,,TripAdvisor,sherton,"Get ready for an adrenaline-packed Hurghada Quad Biking Desert Safari! Zoom through the vast, golden dunes on a powerful quad bike, exploring the stunning desert landscape. Feel the thrill of the ride as you visit traditional Bedouin camps, enjoy a delicious dinner, and watch a cultural show under the stars. An unforgettable adventure in the heart of the desert!","Family, Couples, Indeviduals,Group",20,John Doe - Licensed Egyptologist,10-20 people,Hotel Lobby,9:00 AM,6:00 PM,4.5/8,49,info@egypttrips.com,+20 123 456 789,"towel,suncream, Cash, Walking shose",Easy,"English, French, German, Arabic, Russian., Polish,",2-70 Year Old,"Bus, Van, Boat","Lunch, Snacks",Free cancellation within 24 hours,"Transportation, Guide, Entrance Fees, Meals","Drinks, Shoping, Guide Tips,"
BOOK-TRIP014-1742705199,2025-03-23,Walid Ashour,washour08@gmail.com,07591464519,Quad Biking Desert Safari,TRIP014.jpg,Hurghada,2025-03-15,2025-03-22,3,2,15.0,10.0,65.0,,Instagram,sherton,"Get ready for an adrenaline-packed Hurghada Quad Biking Desert Safari! Zoom through the vast, golden dunes on a powerful quad bike, exploring the stunning desert landscape. Feel the thrill of the ride as you visit traditional Bedouin camps, enjoy a delicious dinner, and watch a cultural show under the stars. An unforgettable adventure in the heart of the desert!","Family, Couples, Indeviduals,Group",20,John Doe - Licensed Egyptologist,10-20 people,Hotel Lobby,9:00 AM,6:00 PM,4.5/8,49,info@egypttrips.com,+20 123 456 789,"towel,suncream, Cash, Walking shose",Easy,"English, French, German, Arabic, Russian., Polish,",2-70 Year Old,"Bus, Van, Boat","Lunch, Snacks",Free cancellation within 24 hours,"Transportation, Guide, Entrance Fees, Meals","Drinks, Shoping, Guide Tips,"
BOOK-TRIP014-1742705370,2025-03-23,Walid Ashour,washour08@gmail.com,07591464519,Quad Biking Desert Safari,TRIP014.jpg,Hurghada,2025-03-15,2025-03-22,3,2,15.0,10.0,65.0,,Instagram,sherton,"Get ready for an adrenaline-packed Hurghada Quad Biking Desert Safari! Zoom through the vast, golden dunes on a powerful quad bike, exploring the stunning desert landscape. Feel the thrill of the ride as you visit traditional Bedouin camps, enjoy a delicious dinner, and watch a cultural show under the stars. An unforgettable adventure in the heart of the desert!","Family, Couples, Indeviduals,Group",20,John Doe - Licensed Egyptologist,10-20 people,Hotel Lobby,9:00 AM,6:00 PM,4.5/8,49,info@egypttrips.com,+20 123 456 789,"towel,suncream, Cash, Walking shose",Easy,"English, French, German, Arabic, Russian., Polish,",2-70 Year Old,"Bus, Van, Boat","Lunch, Snacks",Free cancellation within 24 hours,"Transportation, Guide, Entrance Fees, Meals","Drinks, Shoping, Guide Tips,"
BOOK-TRIP014-1742705413,2025-03-23,Walid Ashour,washour08@gmail.com,07591464519,Quad Biking Desert Safari,TRIP014.jpg,Hurghada,2025-03-15,2025-03-22,3,2,15.0,10.0,65.0,,Instagram,sherton,"Get ready for an adrenaline-packed Hurghada Quad Biking Desert Safari! Zoom through the vast, golden dunes on a powerful quad bike, exploring the stunning desert landscape. Feel the thrill of the ride as you visit traditional Bedouin camps, enjoy a delicious dinner, and watch a cultural show under the stars. An unforgettable adventure in the heart of the desert!","Family, Couples, Indeviduals,Group",20,John Doe - Licensed Egyptologist,10-20 people,Hotel Lobby,9:00 AM,6:00 PM,4.5/8,49,info@egypttrips.com,+20 123 456 789,"towel,suncream, Cash, Walking shose",Easy,"English, French, German, Arabic, Russian., Polish,",2-70 Year Old,"Bus, Van, Boat","Lunch, Snacks",Free cancellation within 24 hours,"Transportation, Guide, Entrance Fees, Meals","Drinks, Shoping, Guide Tips,"
BOOK-TRIP014-1742705462,2025-03-23,Walid Ashour,washour08@gmail.com,07591464519,Quad Biking Desert Safari,TRIP014.jpg,Hurghada,2025-03-15,2025-03-22,3,2,15.0,10.0,65.0,,Instagram,sherton,"Get ready for an adrenaline-packed Hurghada Quad Biking Desert Safari! Zoom through the vast, golden dunes on a powerful quad bike, exploring the stunning desert landscape. Feel the thrill of the ride as you visit traditional Bedouin camps, enjoy a delicious dinner, and watch a cultural show under the stars. An unforgettable adventure in the heart of the desert!","Family, Couples, Indeviduals,Group",20,John Doe - Licensed Egyptologist,10-20 people,Hotel Lobby,9:00 AM,6:00 PM,4.5/8,49,info@egypttrips.com,+20 123 456 789,"towel,suncream, Cash, Walking shose",Easy,"English, French, German, Arabic, Russian., Polish,",2-70 Year Old,"Bus, Van, Boat","Lunch, Snacks",Free cancellation within 24 hours,"Transportation, Guide, Entrance Fees, Meals","Drinks, Shoping, Guide Tips,"
BOOK-TRIP014-1742705466,2025-03-23,Walid Ashour,washour08@gmail.com,07591464519,Quad Biking Desert Safari,TRIP014.jpg,Hurghada,2025-03-15,2025-03-22,3,2,15.0,10.0,65.0,,Instagram,sherton,"Get ready for an adrenaline-packed Hurghada Quad Biking Desert Safari! Zoom through the vast, golden dunes on a powerful quad bike, exploring the stunning desert landscape. Feel the thrill of the ride as you visit traditional Bedouin camps, enjoy a delicious dinner, and watch a cultural show under the stars. An unforgettable adventure in the heart of the desert!","Family, Couples, Indeviduals,Group",20,John Doe - Licensed Egyptologist,10-20 people,Hotel Lobby,9:00 AM,6:00 PM,4.5/8,49,info@egypttrips.com,+20 123 456 789,"towel,suncream, Cash, Walking shose",Easy,"English, French, German, Arabic, Russian., Polish,",2-70 Year Old,"Bus, Van, Boat","Lunch, Snacks",Free cancellation within 24 hours,"Transportation, Guide, Entrance Fees, Meals","Drinks, Shoping, Guide Tips,"
BOOK-TRIP014-1742705498,2025-03-23,Walid Ashour,washour08@gmail.com,07591464519,Quad Biking Desert Safari,TRIP014.jpg,Hurghada,2025-03-15,2025-03-22,3,2,15.0,10.0,65.0,,Instagram,sherton,"Get ready for an adrenaline-packed Hurghada Quad Biking Desert Safari! Zoom through the vast, golden dunes on a powerful quad bike, exploring the stunning desert landscape. Feel the thrill of the ride as you visit traditional Bedouin camps, enjoy a delicious dinner, and watch a cultural show under the stars. An unforgettable adventure in the heart of the desert!","Family, Couples, Indeviduals,Group",20,John Doe - Licensed Egyptologist,10-20 people,Hotel Lobby,9:00 AM,6:00 PM,4.5/8,49,info@egypttrips.com,+20 123 456 789,"towel,suncream, Cash, Walking shose",Easy,"English, French, German, Arabic, Russian., Polish,",2-70 Year Old,"Bus, Van, Boat","Lunch, Snacks",Free cancellation within 24 hours,"Transportation, Guide, Entrance Fees, Meals","Drinks, Shoping, Guide Tips,"
BOOK-TRIP014-1742705646,2025-03-23,Walid Ashour,washour08@gmail.com,07591464519,Quad Biking Desert Safari,TRIP014.jpg,Hurghada,2025-03-15,2025-03-22,3,2,15.0,10.0,65.0,,Instagram,sherton,"Get ready for an adrenaline-packed Hurghada Quad Biking Desert Safari! Zoom through the vast, golden dunes on a powerful quad bike, exploring the stunning desert landscape. Feel the thrill of the ride as you visit traditional Bedouin camps, enjoy a delicious dinner, and watch a cultural show under the stars. An unforgettable adventure in the heart of the desert!","Family, Couples, Indeviduals,Group",20,John Doe - Licensed Egyptologist,10-20 people,Hotel Lobby,9:00 AM,6:00 PM,4.5/8,49,info@egypttrips.com,+20 123 456 789,"towel,suncream, Cash, Walking shose",Easy,"English, French, German, Arabic, Russian., Polish,",2-70 Year Old,"Bus, Van, Boat","Lunch, Snacks",Free cancellation within 24 hours,"Transportation, Guide, Entrance Fees, Meals","Drinks, Shoping, Guide Tips,"
BOOK-Trip014-1742705758,2025-03-23,Walid Abdel Ghany Abd Ashour,w.ashour75@hotmail.com,07591464519,Safari na pustyni na rowerze Quad,Trip014.jpg,Hurghada,2025-03-22,2025-03-22,4,3,15.0,10.0,90.0,,TripAdvisor,sherton,"Przygotuj się na pełen adrenaliny Hurghada Quad Biking Desert Safari! Powiększ rozległe, złote wydmy na potężnym quadu, badając oszałamiający pustynny krajobraz. Poczuj dreszczyk emocji podczas odwiedzania tradycyjnych obozów Beduinów, zjedz pyszny obiad i oglądaj kulturalny pokaz pod gwiazdami. Niezapomniana przygoda w sercu pustyni!","Rodzina, pary, IndeviDuals, grupa",20,John Doe - licencjonowany egiptolog,10-20 osób,Lobby hotelowe,9:00,18:00,4.5/8,49,info@egypttrips.com,+20 123 456 789,"Ręcznik, Suncream, gotówka, ustalenie spacerów",Łatwy,"Angielski, francuski, niemiecki, arabski, rosyjski., Polski,",2-70 lat,Autobus z łodzi,"Lunch, przekąski",Bezpłatne anulowanie w ciągu 24 godzin,"Transport, przewodnik, opłaty za wstęp, posiłki","Napoje, zakupy, wskazówki przewodników,"
BOOK-Trip046-1742713471,2025-03-23,Walid Ashour,washour08@gmail.com,07591464519,جولة القاهرة القبطية,Trip046.jpg,القاهرة,2025-03-29,2025-03-29,3,2,15.0,9.0,63.0,,Instagram,sherton,خطوة إلى قلب تاريخ مصر المسيحي مع جولة القاهرة القبطية! استكشف الكنيسة المعلقة والمتحف القبطي والمواقع الدينية القديمة التي تعرض التراث المسيحي الغني بالمصر. تتجول في الشوارع الضيقة في القاهرة القبطية ، حيث تقف الكنائس والمعابد والمعابد البالغة من العمر قرون جنبًا إلى جنب. رحلة آسر من خلال الإيمان والتاريخ والثقافة!,الأسرة ، الأزواج ، indeviduals ، مجموعة,20,جون دو - عالم المصريات المرخص,10-20 الناس,ردهة الفندق,9:00 صباحا,6:00 مساءً,4.5/16,81,info@egypttrips.com,+20 123 456 789,منشفة ، أشعة الشمس ، نقدًا ، مشى المشي,سهل,الإنجليزية ، الفرنسية ، الألمانية ، العربية ، الروسية ، البولندية ،,2-70 سنة,حافلة ، من القارب,الغداء ، الوجبات الخفيفة,الإلغاء المجاني في غضون 24 ساعة,النقل ، الدليل ، رسوم الدخول ، وجبات,المشروبات ، التسوق ، نصائح توجيه ،
BOOK-Trip046-1742713536,2025-03-23,Walid Ashour,washour08@gmail.com,07591464519,جولة القاهرة القبطية,Trip046.jpg,القاهرة,2025-03-29,2025-03-29,3,2,15.0,9.0,63.0,,Instagram,sherton,خطوة إلى قلب تاريخ مصر المسيحي مع جولة القاهرة القبطية! استكشف الكنيسة المعلقة والمتحف القبطي والمواقع الدينية القديمة التي تعرض التراث المسيحي الغني بالمصر. تتجول في الشوارع الضيقة في القاهرة القبطية ، حيث تقف الكنائس والمعابد والمعابد البالغة من العمر قرون جنبًا إلى جنب. رحلة آسر من خلال الإيمان والتاريخ والثقافة!,الأسرة ، الأزواج ، indeviduals ، مجموعة,20,جون دو - عالم المصريات المرخص,10-20 الناس,ردهة الفندق,9:00 صباحا,6:00 مساءً,4.5/16,81,info@egypttrips.com,+20 123 456 789,منشفة ، أشعة الشمس ، نقدًا ، مشى المشي,سهل,الإنجليزية ، الفرنسية ، الألمانية ، العربية ، الروسية ، البولندية ،,2-70 سنة,حافلة ، من القارب,الغداء ، الوجبات الخفيفة,الإلغاء المجاني في غضون 24 ساعة,النقل ، الدليل ، رسوم الدخول ، وجبات,المشروبات ، التسوق ، نصائح توجيه ،
BOOK-Trip046-1742713582,2025-03-23,Walid Ashour,washour08@gmail.com,07591464519,جولة القاهرة القبطية,Trip046.jpg,القاهرة,2025-03-29,2025-03-29,3,2,15.0,9.0,63.0,,Instagram,sherton,خطوة إلى قلب تاريخ مصر المسيحي مع جولة القاهرة القبطية! استكشف الكنيسة المعلقة والمتحف القبطي والمواقع الدينية القديمة التي تعرض التراث المسيحي الغني بالمصر. تتجول في الشوارع الضيقة في القاهرة القبطية ، حيث تقف الكنائس والمعابد والمعابد البالغة من العمر قرون جنبًا إلى جنب. رحلة آسر من خلال الإيمان والتاريخ والثقافة!,الأسرة ، الأزواج ، indeviduals ، مجموعة,20,جون دو - عالم المصريات المرخص,10-20 الناس,ردهة الفندق,9:00 صباحا,6:00 مساءً,4.5/16,81,info@egypttrips.com,+20 123 456 789,منشفة ، أشعة الشمس ، نقدًا ، مشى المشي,سهل,الإنجليزية ، الفرنسية ، الألمانية ، العربية ، الروسية ، البولندية ،,2-70 سنة,حافلة ، من القارب,الغداء ، الوجبات الخفيفة,الإلغاء المجاني في غضون 24 ساعة,النقل ، الدليل ، رسوم الدخول ، وجبات,المشروبات ، التسوق ، نصائح توجيه ،
BOOK-Trip046-1742713689,2025-03-23,Walid Ashour,washour08@gmail.com,07591464519,جولة القاهرة القبطية,Trip046.jpg,القاهرة,2025-03-29,2025-03-29,3,2,15.0,9.0,63.0,,Instagram,sherton,خطوة إلى قلب تاريخ مصر المسيحي مع جولة القاهرة القبطية! استكشف الكنيسة المعلقة والمتحف القبطي والمواقع الدينية القديمة التي تعرض التراث المسيحي الغني بالمصر. تتجول في الشوارع الضيقة في القاهرة القبطية ، حيث تقف الكنائس والمعابد والمعابد البالغة من العمر قرون جنبًا إلى جنب. رحلة آسر من خلال الإيمان والتاريخ والثقافة!,الأسرة ، الأزواج ، indeviduals ، مجموعة,20,جون دو - عالم المصريات المرخص,10-20 الناس,ردهة الفندق,9:00 صباحا,6:00 مساءً,4.5/16,81,info@egypttrips.com,+20 123 456 789,منشفة ، أشعة الشمس ، نقدًا ، مشى المشي,سهل,الإنجليزية ، الفرنسية ، الألمانية ، العربية ، الروسية ، البولندية ،,2-70 سنة,حافلة ، من القارب,الغداء ، الوجبات الخفيفة,الإلغاء المجاني في غضون 24 ساعة,النقل ، الدليل ، رسوم الدخول ، وجبات,المشروبات ، التسوق ، نصائح توجيه ،
BOOK-Trip046-1742713697,2025-03-23,Walid Ashour,washour08@gmail.com,07591464519,جولة القاهرة القبطية,Trip046.jpg,القاهرة,2025-03-29,2025-03-29,3,2,15.0,9.0,63.0,,Instagram,sherton,خطوة إلى قلب تاريخ مصر المسيحي مع جولة القاهرة القبطية! استكشف الكنيسة المعلقة والمتحف القبطي والمواقع الدينية القديمة التي تعرض التراث المسيحي الغني بالمصر. تتجول في الشوارع الضيقة في القاهرة القبطية ، حيث تقف الكنائس والمعابد والمعابد البالغة من العمر قرون جنبًا إلى جنب. رحلة آسر من خلال الإيمان والتاريخ والثقافة!,الأسرة ، الأزواج ، indeviduals ، مجموعة,20,جون دو - عالم المصريات المرخص,10-20 الناس,ردهة الفندق,9:00 صباحا,6:00 مساءً,4.5/16,81,info@egypttrips.com,+20 123 456 789,منشفة ، أشعة الشمس ، نقدًا ، مشى المشي,سهل,الإنجليزية ، الفرنسية ، الألمانية ، العربية ، الروسية ، البولندية ،,2-70 سنة,حافلة ، من القارب,الغداء ، الوجبات الخفيفة,الإلغاء المجاني في غضون 24 ساعة,النقل ، الدليل ، رسوم الدخول ، وجبات,المشروبات ، التسوق ، نصائح توجيه ،
BOOK-Trip046-1742713718,2025-03-23,Walid Ashour,washour08@gmail.com,07591464519,جولة القاهرة القبطية,Trip046.jpg,القاهرة,2025-03-29,2025-03-29,3,2,15.0,9.0,63.0,,Instagram,sherton,خطوة إلى قلب تاريخ مصر المسيحي مع جولة القاهرة القبطية! استكشف الكنيسة المعلقة والمتحف القبطي والمواقع الدينية القديمة التي تعرض التراث المسيحي الغني بالمصر. تتجول في الشوارع الضيقة في القاهرة القبطية ، حيث تقف الكنائس والمعابد والمعابد البالغة من العمر قرون جنبًا إلى جنب. رحلة آسر من خلال الإيمان والتاريخ والثقافة!,الأسرة ، الأزواج ، indeviduals ، مجموعة,20,جون دو - عالم المصريات المرخص,10-20 الناس,ردهة الفندق,9:00 صباحا,6:00 مساءً,4.5/16,81,info@egypttrips.com,+20 123 456 789,منشفة ، أشعة الشمس ، نقدًا ، مشى المشي,سهل,الإنجليزية ، الفرنسية ، الألمانية ، العربية ، الروسية ، البولندية ،,2-70 سنة,حافلة ، من القارب,الغداء ، الوجبات الخفيفة,الإلغاء المجاني في غضون 24 ساعة,النقل ، الدليل ، رسوم الدخول ، وجبات,المشروبات ، التسوق ، نصائح توجيه ،
BOOK-Trip046-1742713812,2025-03-23,Walid Ashour,washour08@gmail.com,07591464519,جولة القاهرة القبطية,Trip046.jpg,القاهرة,2025-03-29,2025-03-29,3,2,15.0,9.0,63.0,,Instagram,sherton,خطوة إلى قلب تاريخ مصر المسيحي مع جولة القاهرة القبطية! استكشف الكنيسة المعلقة والمتحف القبطي والمواقع الدينية القديمة التي تعرض التراث المسيحي الغني بالمصر. تتجول في الشوارع الضيقة في القاهرة القبطية ، حيث تقف الكنائس والمعابد والمعابد البالغة من العمر قرون جنبًا إلى جنب. رحلة آسر من خلال الإيمان والتاريخ والثقافة!,الأسرة ، الأزواج ، indeviduals ، مجموعة,20,جون دو - عالم المصريات المرخص,10-20 الناس,ردهة الفندق,9:00 صباحا,6:00 مساءً,4.5/16,81,info@egypttrips.com,+20 123 456 789,منشفة ، أشعة الشمس ، نقدًا ، مشى المشي,سهل,الإنجليزية ، الفرنسية ، الألمانية ، العربية ، الروسية ، البولندية ،,2-70 سنة,حافلة ، من القارب,الغداء ، الوجبات الخفيفة,الإلغاء المجاني في غضون 24 ساعة,النقل ، الدليل ، رسوم الدخول ، وجبات,المشروبات ، التسوق ، نصائح توجيه ،
BOOK-Trip046-1742713838,2025-03-23,Walid Ashour,washour08@gmail.com,07591464519,جولة القاهرة القبطية,Trip046.jpg,القاهرة,2025-03-29,2025-03-29,3,2,15.0,9.0,63.0,,Instagram,sherton,خطوة إلى قلب تاريخ مصر المسيحي مع جولة القاهرة القبطية! استكشف الكنيسة المعلقة والمتحف القبطي والمواقع الدينية القديمة التي تعرض التراث المسيحي الغني بالمصر. تتجول في الشوارع الضيقة في القاهرة القبطية ، حيث تقف الكنائس والمعابد والمعابد البالغة من العمر قرون جنبًا إلى جنب. رحلة آسر من خلال الإيمان والتاريخ والثقافة!,الأسرة ، الأزواج ، indeviduals ، مجموعة,20,جون دو - عالم المصريات المرخص,10-20 الناس,ردهة الفندق,9:00 صباحا,6:00 مساءً,4.5/16,81,info@egypttrips.com,+20 123 456 789,منشفة ، أشعة الشمس ، نقدًا ، مشى المشي,سهل,الإنجليزية ، الفرنسية ، الألمانية ، العربية ، الروسية ، البولندية ،,2-70 سنة,حافلة ، من القارب,الغداء ، الوجبات الخفيفة,الإلغاء المجاني في غضون 24 ساعة,النقل ، الدليل ، رسوم الدخول ، وجبات,المشروبات ، التسوق ، نصائح توجيه ،
BOOK-Trip046-1742713868,2025-03-23,Walid Ashour,washour08@gmail.com,07591464519,جولة القاهرة القبطية,Trip046.jpg,القاهرة,2025-03-29,2025-03-29,3,2,15.0,9.0,63.0,,Instagram,sherton,خطوة إلى قلب تاريخ مصر المسيحي مع جولة القاهرة القبطية! استكشف الكنيسة المعلقة والمتحف القبطي والمواقع الدينية القديمة التي تعرض التراث المسيحي الغني بالمصر. تتجول في الشوارع الضيقة في القاهرة القبطية ، حيث تقف الكنائس والمعابد والمعابد البالغة من العمر قرون جنبًا إلى جنب. رحلة آسر من خلال الإيمان والتاريخ والثقافة!,الأسرة ، الأزواج ، indeviduals ، مجموعة,20,جون دو - عالم المصريات المرخص,10-20 الناس,ردهة الفندق,9:00 صباحا,6:00 مساءً,4.5/16,81,info@egypttrips.com,+20 123 456 789,منشفة ، أشعة الشمس ، نقدًا ، مشى المشي,سهل,الإنجليزية ، الفرنسية ، الألمانية ، العربية ، الروسية ، البولندية ،,2-70 سنة,حافلة ، من القارب,الغداء ، الوجبات الخفيفة,الإلغاء المجاني في غضون 24 ساعة,النقل ، الدليل ، رسوم الدخول ، وجبات,المشروبات ، التسوق ، نصائح توجيه ،
BOOK-Trip046-1742713922,2025-03-23,Walid Ashour,washour08@gmail.com,07591464519,جولة القاهرة القبطية,Trip046.jpg,القاهرة,2025-03-29,2025-03-29,3,2,15.0,9.0,63.0,,Instagram,sherton,خطوة إلى قلب تاريخ مصر المسيحي مع جولة القاهرة القبطية! استكشف الكنيسة المعلقة والمتحف القبطي والمواقع الدينية القديمة التي تعرض التراث المسيحي الغني بالمصر. تتجول في الشوارع الضيقة في القاهرة القبطية ، حيث تقف الكنائس والمعابد والمعابد البالغة من العمر قرون جنبًا إلى جنب. رحلة آسر من خلال الإيمان والتاريخ والثقافة!,الأسرة ، الأزواج ، indeviduals ، مجموعة,20,جون دو - عالم المصريات المرخص,10-20 الناس,ردهة الفندق,9:00 صباحا,6:00 مساءً,4.5/16,81,info@egypttrips.com,+20 123 456 789,منشفة ، أشعة الشمس ، نقدًا ، مشى المشي,سهل,الإنجليزية ، الفرنسية ، الألمانية ، العربية ، الروسية ، البولندية ،,2-70 سنة,حافلة ، من القارب,الغداء ، الوجبات الخفيفة,الإلغاء المجاني في غضون 24 ساعة,النقل ، الدليل ، رسوم الدخول ، وجبات,المشروبات ، التسوق ، نصائح توجيه ،
BOOK-Trip046-1742713980,2025-03-23,Walid Ashour,washour08@gmail.com,07591464519,جولة القاهرة القبطية,Trip046.jpg,القاهرة,2025-03-29,2025-03-29,3,2,15.0,9.0,63.0,,Instagram,sherton,خطوة إلى قلب تاريخ مصر المسيحي مع جولة القاهرة القبطية! استكشف الكنيسة المعلقة والمتحف القبطي والمواقع الدينية القديمة التي تعرض التراث المسيحي الغني بالمصر. تتجول في الشوارع الضيقة في القاهرة القبطية ، حيث تقف الكنائس والمعابد والمعابد البالغة من العمر قرون جنبًا إلى جنب. رحلة آسر من خلال الإيمان والتاريخ والثقافة!,الأسرة ، الأزواج ، indeviduals ، مجموعة,20,جون دو - عالم المصريات المرخص,10-20 الناس,ردهة الفندق,9:00 صباحا,6:00 مساءً,4.5/16,81,info@egypttrips.com,+20 123 456 789,منشفة ، أشعة الشمس ، نقدًا ، مشى المشي,سهل,الإنجليزية ، الفرنسية ، الألمانية ، العربية ، الروسية ، البولندية ،,2-70 سنة,حافلة ، من القارب,الغداء ، الوجبات الخفيفة,الإلغاء المجاني في غضون 24 ساعة,النقل ، الدليل ، رسوم الدخول ، وجبات,المشروبات ، التسوق ، نصائح توجيه ،
BOOK-Trip046-1742714096,2025-03-23,Walid Ashour,washour08@gmail.com,07591464519,جولة القاهرة القبطية,Trip046.jpg,القاهرة,2025-03-29,2025-03-29,3,2,15.0,9.0,63.0,,Instagram,sherton,خطوة إلى قلب تاريخ مصر المسيحي مع جولة القاهرة القبطية! استكشف الكنيسة المعلقة والمتحف القبطي والمواقع الدينية القديمة التي تعرض التراث المسيحي الغني بالمصر. تتجول في الشوارع الضيقة في القاهرة القبطية ، حيث تقف الكنائس والمعابد والمعابد البالغة من العمر قرون جنبًا إلى جنب. رحلة آسر من خلال الإيمان والتاريخ والثقافة!,الأسرة ، الأزواج ، indeviduals ، مجموعة,20,جون دو - عالم المصريات المرخص,10-20 الناس,ردهة الفندق,9:00 صباحا,6:00 مساءً,4.5/16,81,info@egypttrips.com,+20 123 456 789,منشفة ، أشعة الشمس ، نقدًا ، مشى المشي,سهل,الإنجليزية ، الفرنسية ، الألمانية ، العربية ، الروسية ، البولندية ،,2-70 سنة,حافلة ، من القارب,الغداء ، الوجبات الخفيفة,الإلغاء المجاني في غضون 24 ساعة,النقل ، الدليل ، رسوم الدخول ، وجبات,المشروبات ، التسوق ، نصائح توجيه ،
BOOK-Trip046-1742714150,2025-03-23,Walid Ashour,washour08@gmail.com,07591464519,جولة القاهرة القبطية,Trip046.jpg,القاهرة,2025-03-29,2025-03-29,3,2,15.0,9.0,63.0,,Instagram,sherton,خطوة إلى قلب تاريخ مصر المسيحي مع جولة القاهرة القبطية! استكشف الكنيسة المعلقة والمتحف القبطي والمواقع الدينية القديمة التي تعرض التراث المسيحي الغني بالمصر. تتجول في الشوارع الضيقة في القاهرة القبطية ، حيث تقف الكنائس والمعابد والمعابد البالغة من العمر قرون جنبًا إلى جنب. رحلة آسر من خلال الإيمان والتاريخ والثقافة!,الأسرة ، الأزواج ، indeviduals ، مجموعة,20,جون دو - عالم المصريات المرخص,10-20 الناس,ردهة الفندق,9:00 صباحا,6:00 مساءً,4.5/16,81,info@egypttrips.com,+20 123 456 789,منشفة ، أشعة الشمس ، نقدًا ، مشى المشي,سهل,الإنجليزية ، الفرنسية ، الألمانية ، العربية ، الروسية ، البولندية ،,2-70 سنة,حافلة ، من القارب,الغداء ، الوجبات الخفيفة,الإلغاء المجاني في غضون 24 ساعة,النقل ، الدليل ، رسوم الدخول ، وجبات,المشروبات ، التسوق ، نصائح توجيه ،
BOOK-Trip046-1742714191,2025-03-23,Walid Ashour,washour08@gmail.com,07591464519,جولة القاهرة القبطية,Trip046.jpg,القاهرة,2025-03-29,2025-03-29,3,2,15.0,9.0,63.0,,Instagram,sherton,خطوة إلى قلب تاريخ مصر المسيحي مع جولة القاهرة القبطية! استكشف الكنيسة المعلقة والمتحف القبطي والمواقع الدينية القديمة التي تعرض التراث المسيحي الغني بالمصر. تتجول في الشوارع الضيقة في القاهرة القبطية ، حيث تقف الكنائس والمعابد والمعابد البالغة من العمر قرون جنبًا إلى جنب. رحلة آسر من خلال الإيمان والتاريخ والثقافة!,الأسرة ، الأزواج ، indeviduals ، مجموعة,20,جون دو - عالم المصريات المرخص,10-20 الناس,ردهة الفندق,9:00 صباحا,6:00 مساءً,4.5/16,81,info@egypttrips.com,+20 123 456 789,منشفة ، أشعة الشمس ، نقدًا ، مشى المشي,سهل,الإنجليزية ، الفرنسية ، الألمانية ، العربية ، الروسية ، البولندية ،,2-70 سنة,حافلة ، من القارب,الغداء ، الوجبات الخفيفة,الإلغاء المجاني في غضون 24 ساعة,النقل ، الدليل ، رسوم الدخول ، وجبات,المشروبات ، التسوق ، نصائح توجيه ،
BOOK-Trip046-1742714353,2025-03-23,Walid Ashour,washour08@gmail.com,07591464519,جولة القاهرة القبطية,Trip046.jpg,القاهرة,2025-03-29,2025-03-29,3,2,15.0,9.0,63.0,,Instagram,sherton,خطوة إلى قلب تاريخ مصر المسيحي مع جولة القاهرة القبطية! استكشف الكنيسة المعلقة والمتحف القبطي والمواقع الدينية القديمة التي تعرض التراث المسيحي الغني بالمصر. تتجول في الشوارع الضيقة في القاهرة القبطية ، حيث تقف الكنائس والمعابد والمعابد البالغة من العمر قرون جنبًا إلى جنب. رحلة آسر من خلال الإيمان والتاريخ والثقافة!,الأسرة ، الأزواج ، indeviduals ، مجموعة,20,جون دو - عالم المصريات المرخص,10-20 الناس,ردهة الفندق,9:00 صباحا,6:00 مساءً,4.5/16,81,info@egypttrips.com,+20 123 456 789,منشفة ، أشعة الشمس ، نقدًا ، مشى المشي,سهل,الإنجليزية ، الفرنسية ، الألمانية ، العربية ، الروسية ، البولندية ،,2-70 سنة,حافلة ، من القارب,الغداء ، الوجبات الخفيفة,الإلغاء المجاني في غضون 24 ساعة,النقل ، الدليل ، رسوم الدخول ، وجبات,المشروبات ، التسوق ، نصائح توجيه ،
BOOK-Trip046-1742714396,2025-03-23,Walid Ashour,washour08@gmail.com,07591464519,جولة القاهرة القبطية,Trip046.jpg,القاهرة,2025-03-29,2025-03-29,3,2,15.0,9.0,63.0,,Instagram,sherton,خطوة إلى قلب تاريخ مصر المسيحي مع جولة القاهرة القبطية! استكشف الكنيسة المعلقة والمتحف القبطي والمواقع الدينية القديمة التي تعرض التراث المسيحي الغني بالمصر. تتجول في الشوارع الضيقة في القاهرة القبطية ، حيث تقف الكنائس والمعابد والمعابد البالغة من العمر قرون جنبًا إلى جنب. رحلة آسر من خلال الإيمان والتاريخ والثقافة!,الأسرة ، الأزواج ، indeviduals ، مجموعة,20,جون دو - عالم المصريات المرخص,10-20 الناس,ردهة الفندق,9:00 صباحا,6:00 مساءً,4.5/16,81,info@egypttrips.com,+20 123 456 789,منشفة ، أشعة الشمس ، نقدًا ، مشى المشي,سهل,الإنجليزية ، الفرنسية ، الألمانية ، العربية ، الروسية ، البولندية ،,2-70 سنة,حافلة ، من القارب,الغداء ، الوجبات الخفيفة,الإلغاء المجاني في غضون 24 ساعة,النقل ، الدليل ، رسوم الدخول ، وجبات,المشروبات ، التسوق ، نصائح توجيه ،
BOOK-Trip046-1742714549,2025-03-23,Walid Ashour,washour08@gmail.com,07591464519,جولة القاهرة القبطية,Trip046.jpg,القاهرة,2025-03-29,2025-03-29,3,2,15.0,9.0,63.0,,Instagram,sherton,خطوة إلى قلب تاريخ مصر المسيحي مع جولة القاهرة القبطية! استكشف الكنيسة المعلقة والمتحف القبطي والمواقع الدينية القديمة التي تعرض التراث المسيحي الغني بالمصر. تتجول في الشوارع الضيقة في القاهرة القبطية ، حيث تقف الكنائس والمعابد والمعابد البالغة من العمر قرون جنبًا إلى جنب. رحلة آسر من خلال الإيمان والتاريخ والثقافة!,الأسرة ، الأزواج ، indeviduals ، مجموعة,20,جون دو - عالم المصريات المرخص,10-20 الناس,ردهة الفندق,9:00 صباحا,6:00 مساءً,4.5/16,81,info@egypttrips.com,+20 123 456 789,منشفة ، أشعة الشمس ، نقدًا ، مشى المشي,سهل,الإنجليزية ، الفرنسية ، الألمانية ، العربية ، الروسية ، البولندية ،,2-70 سنة,حافلة ، من القارب,الغداء ، الوجبات الخفيفة,الإلغاء المجاني في غضون 24 ساعة,النقل ، الدليل ، رسوم الدخول ، وجبات,المشروبات ، التسوق ، نصائح توجيه ،
BOOK-TRIP164-1742728992,2025-03-23,Amazing man,walid08@gmail.com,74674647,"Sunset ATV Quad Desert Safari Tours in Marsa Alam, Egypt",TRIP164.jpg,Marsa alam,2025-03-28,2025-03-29,3,2,25.0,15.0,105.0,,Facebook,lolooo hotel ,"Enjoy a sunset quad bike trip to explore the charming desert of Marsa Alam. Experience driving between the mountains, discover Bedouin life, and take in the stunning sunset over the Eastern desert.","Family, Couples, Indeviduals,Group",26,John Doe - Licensed Egyptologist,10-20 people,Hotel Lobby,9:00 AM,4:00 PM,4.5/15,84,hello@egyptdirect.com,106522376,"towel,suncream, Cash, Walking shose",Easy,"English, French, German, Arabic, Russian., Polish,",2-70 Year Old,"Bus, Van","Lunch, Snacks",Free cancellation within 24 hours,"Transportation, Guide, Entrance Fees, Meals","Drinks, Shoping, Guide Tips,"
