Trip ID,Destination,Trip Name,Description,Trip Category,Duration,Price Adult,Price Child,Included in Price,Not Included,Start Date,End Date,Available Spots,Tour Guide,Group Size,Meeting Point,Departure Time,Return Time,Rating,Reviews Count,Photo URL,Contact Email,Contact Phone,What to Bring,Trip Difficulty,Languages Available,Age Restrictions,Transportation Type,Meals Included,Cancellation Policy,Accessibility,Special Offers,Trip Schedule
Trip002,Luxor,Tempel -Tour,"Entdecken Sie den majestätischen Luxor -Tempel, ein altägyptisches Meisterwerk, das nachts wunderschön beleuchtet wird. Gehen Sie durch große Kolonnaden, hoch aufragende Statuen und komplizierte Hieroglyphen, die das Erbe der Pharaonen enthüllen. Diese geführte Tour enthüllt die tiefe Geschichte des Tempels, einschließlich ihrer Verbindung zu Karnak und dem Opet Festival. Ein Muss im Herzen von Luxor!","Familie, Paare, Undeviduale, Gruppe",6 Stunden,15,8,"Transport, Führer, Eintrittsgebühren, Mahlzeiten","Getränke, Shop, Guide -Tipps,",2/2/2025,2/2/2025,20,John Doe - Lizenzierter Ägyptenologe,10-20 Personen,Hotellobby,9:00 Uhr,18:00 Uhr,"4,5/5",40,Bild,info@egypttrips.com,+20 123 456 789,"Handtuch, Sonnencreme, Bargeld, Gehen ließen",Einfach,"Englisch, Französisch, Deutsch, Arabisch, Russisch., Polnisch,",2-70 Jahre alt,Bus vom Boot,"Mittagessen, Snacks",Kostenlose Stornierung innerhalb von 24 Stunden,Rollstuhl zugänglich,10% Rabatt für Gruppen von 4 oder mehr,"Montag, dienstags, donnerstags"
Trip003,Hurghada,Schnorchelabenteuer,"Starten Sie ein aufregendes Hurghada Schnorchelnabenteuer und erkundet die lebendigen Korallenriffe des Roten Meeres. Schwimmen Sie neben farbenfrohen Meeresleben in kristallklaren Gewässern an oberen Stellen wie Giftun Island oder Delphin House. Genießen Sie eine entspannende Bootsfahrt mit frischem Mittagessen und erfrischenden Getränken an Bord. Perfekt für alle Fähigkeiten, die ein unvergessliches Unterwassererlebnis suchen!","Familie, Paare, Undeviduale, Gruppe",7 Stunden,14,9,"Transport, Führer, Ausrüstung, Mahlzeiten","Getränke, Shop, Guide -Tipps,",01.03.2025,01.03.2025,20,John Doe - Lizenzierter Ägyptenologe,10-20 Personen,Hotellobby,9:00 Uhr,16:00 Uhr,4.7/5,35,Bild,info@egypttrips.com,+20 123 456 789,"Handtuch, Sonnencreme, Bargeld, Gehen ließen",Mäßig,"Englisch, Französisch, Deutsch, Arabisch, Russisch., Polnisch,",2-70 Jahre alt,Bus vom Boot,"Mittagessen, Snacks",Kostenlose Stornierung innerhalb von 24 Stunden,Rollstuhl zugänglich,5% Rabatt für Gruppen von 4 oder mehr,"Montags, dienstags, Donnerstag"
Trip005,Luxor,Tal der Kings Tour,"Entdecken Sie das legendäre Tal der Könige in Luxor, wo die alten Pharaonen, einschließlich Tutanchamun, in atemberaubend dekorierten Gräbern ruhen. Gehen Sie durch die Geschichte, während Sie komplizierte Hieroglyphen und gut erhaltene Grabkammern bewundern. Ihr Expertenführer enthüllt die Geheimnisse dieses UNESCO -Weltkulturerbes. Ein Muss für Geschichte und Archäologieliebhaber!","Familie, Paare, Undeviduale, Gruppe",6 Stunden,20,11,"Transport, Führer, Ausrüstung, Mahlzeiten","Getränke, Shop, Guide -Tipps,",01.03.2025,01.03.2025,20,John Doe - Lizenzierter Ägyptenologe,10-20 Personen,Hotellobby,9:00 Uhr,16:00 Uhr,4.7/6,40,Bild,info@egypttrips.com,+20 123 456 789,"Handtuch, Sonnencreme, Bargeld, Gehen ließen",Mäßig,"Englisch, Französisch, Deutsch, Arabisch, Russisch., Polnisch,",2-70 Jahre alt,Bus vom Boot,"Mittagessen, Snacks",Kostenlose Stornierung innerhalb von 24 Stunden,Rollstuhl zugänglich,10% Rabatt für Gruppen von 4 oder mehr,"Montags, dienstags, Donnerstag"
Trip006,Luxor,Karnak- und Luxor -Tempel Tour,"Entdecken Sie die beeindruckenden Karnak- und Luxor-Tempel auf dieser geführten Tour durch die berühmtesten Stätten des alten Ägypten. Wanderen Sie durch den riesigen Tempelkomplex von Karnak mit hoch aufragenden Säulen und heiligen Obelisken und erkunden Sie dann den wunderschön beleuchteten Luxor -Tempel. Erfahren Sie mehr über die Pharaonen, Götter und Rituale, die diese großartigen Sehenswürdigkeiten geprägt haben. Eine Reise durch die Geschichte, die Sie nicht vergessen werden!","Familie, Paare, Undeviduale, Gruppe",6 Stunden,18,11,"Transport, Führer, Eintrittsgebühren, Mahlzeiten","Getränke, Shop, Guide -Tipps,",2/2/2025,2/2/2025,20,John Doe - Lizenzierter Ägyptenologe,10-20 Personen,Hotellobby,9:00 Uhr,18:00 Uhr,"4,5/6",41,Bild,info@egypttrips.com,+20 123 456 789,"Handtuch, Sonnencreme, Bargeld, Gehen ließen",Einfach,"Englisch, Französisch, Deutsch, Arabisch, Russisch., Polnisch,",2-70 Jahre alt,Bus vom Boot,"Mittagessen, Snacks",Kostenlose Stornierung innerhalb von 24 Stunden,Rollstuhl zugänglich,10% Rabatt für Gruppen von 4 oder mehr,"Montag, dienstags, donnerstags"
Trip007,Luxor,Hatshepsut Temple und West Bank Tour,"Treten Sie in die Welt der Pharaonen auf dieser aufregenden Hatschepsut -Tempel- und Westbank -Tour! Staunen Sie über den atemberaubenden Cliffside -Tempel der mächtigsten Königin von Ägypten und erkunden Sie dann die Kolossie von Memnon und die verborgenen Schätze des Westjordanlandes. Gehen Sie durch alte Gräber, hören Sie faszinierende Geschichten und genießen Sie in atemberaubenden Wüstenblicke. Die Geschichte hat noch nie so viel Spaß gemacht!","Familie, Paare, Undeviduale, Gruppe",6 Stunden,20,11,"Transport, Führer, Ausrüstung, Mahlzeiten","Getränke, Shop, Guide -Tipps,",01.03.2025,01.03.2025,20,John Doe - Lizenzierter Ägyptenologe,10-20 Personen,Hotellobby,9:00 Uhr,16:00 Uhr,4.7/6,42,Bild,info@egypttrips.com,+20 123 456 789,"Handtuch, Sonnencreme, Bargeld, Gehen ließen",Mäßig,"Englisch, Französisch, Deutsch, Arabisch, Russisch., Polnisch,",2-70 Jahre alt,Bus vom Boot,"Mittagessen, Snacks",Kostenlose Stornierung innerhalb von 24 Stunden,Rollstuhl zugänglich,10% Rabatt für Gruppen von 4 oder mehr,"Montags, dienstags, Freitag"
Trip008,Luxor,Dendera und Abydos Tempel Tour,"Reise zurück in die Zeit auf der Dendera & Abydos -Tempel -Tour und erforscht zwei der atemberaubendsten alten Stätten Ägyptens! Staunen Sie am Tempel des Hathors in Dendera mit seiner lebendigen Decke und Zodiac -Schnitzereien und entdecken Sie dann die Geheimnisse von Abydos, Heimat des Tempels von Seti I und dem heiligen Osirion. Ein perfektes Abenteuer für Geschichtsliebhaber und Entdecker!","Familie, Paare, Undeviduale, Gruppe",8 Stunden,25,12,"Transport, Führer, Eintrittsgebühren, Mahlzeiten","Getränke, Shop, Guide -Tipps,",2/2/2025,2/2/2025,20,John Doe - Lizenzierter Ägyptenologe,10-20 Personen,Hotellobby,9:00 Uhr,18:00 Uhr,"4,5/6",43,Bild,info@egypttrips.com,+20 123 456 789,"Handtuch, Sonnencreme, Bargeld, Gehen ließen",Einfach,"Englisch, Französisch, Deutsch, Arabisch, Russisch., Polnisch,",2-70 Jahre alt,Bus vom Boot,"Mittagessen, Snacks",Kostenlose Stornierung innerhalb von 24 Stunden,Rollstuhl zugänglich,10% Rabatt für Gruppen von 4 oder mehr,"Montag, dienstags, donnerstags"
Trip009,Luxor,EDFU- und Kom -Ombo -Tempel Tour,"Beginnen Sie eine aufregende EDFU & Kom -Ombo -Tempel -Tour und besuchen Sie zwei der faszinierendsten Tempel in Ägypten! Entdecken Sie den EDFUs Tempel von Horus, einen der am besten erhaltenen Tempel, mit hoch aufragenden Wänden und mythischen Schnitzereien. Gehen Sie dann zu Kom Ombo, einem einzigartigen Doppel -Tempel, der Sobek & Horus gewidmet ist und einen atemberaubenden Blick auf den Nil bietet. Ein Muss für Geschichte und Abenteuerliebhaber!","Familie, Paare, Undeviduale, Gruppe",8 Stunden,26,15,"Transport, Führer, Ausrüstung, Mahlzeiten","Getränke, Shop, Guide -Tipps,",01.03.2025,01.03.2025,20,John Doe - Lizenzierter Ägyptenologe,10-20 Personen,Hotellobby,9:00 Uhr,16:00 Uhr,4.7/7,44,Bild,info@egypttrips.com,+20 123 456 789,"Handtuch, Sonnencreme, Bargeld, Gehen ließen",Mäßig,"Englisch, Französisch, Deutsch, Arabisch, Russisch., Polnisch,",2-70 Jahre alt,Bus vom Boot,"Mittagessen, Snacks",Kostenlose Stornierung innerhalb von 24 Stunden,Rollstuhl zugänglich,10% Rabatt für Gruppen von 4 oder mehr,"Montag, dienstags, donnerstags"
Trip010,Luxor,Heißluftballonfahrt über Luxor,"Über den alten Wunder auf einer atemberaubenden Heißluftballonfahrt über Luxor auffliegen! Beobachten Sie den Sonnenaufgang über dem Tal der Könige, Karnak -Tempel und dem Nil, während das goldene Licht die Wüstenlandschaft badet. Erfassen Sie die atemberaubenden Luftansichten von ägyptischen zeitlosen Schätzen bei diesem einmaligen Abenteuer. Eine magische Erfahrung, die Sie nie vergessen werden!","Familie, Paare, Undeviduale, Gruppe",4 Stunden,50,32,"Transport, Führer, Eintrittsgebühren, Mahlzeiten","Getränke, Shop, Guide -Tipps,",2/2/2025,2/2/2025,20,John Doe - Lizenzierter Ägyptenologe,10-20 Personen,Hotellobby,9:00 Uhr,18:00 Uhr,4.5/7,45,Bild,info@egypttrips.com,+20 123 456 789,"Handtuch, Sonnencreme, Bargeld, Gehen ließen",Einfach,"Englisch, Französisch, Deutsch, Arabisch, Russisch., Polnisch,",2-70 Jahre alt,Bus vom Boot,"Mittagessen, Snacks",Kostenlose Stornierung innerhalb von 24 Stunden,Rollstuhl zugänglich,10% Rabatt für Gruppen von 4 oder mehr,"Montags, dienstags, freitags"
Trip011,Luxor,Nil River Cruise,"Setzen Sie Segel auf einer Nile River Cruise, wo sich Geschichte und Luxus auf ägyptischer legendärer Wasserstraße treffen! Driften Sie an alten Tempeln, üppigen Flussbanks und charmanten Dörfern vorbei und genießen Sie erstklassige Komfort. Entdecken Sie legendäre Websites wie Karnak, Luxor, EDFU und Aswan mit erfahrenen Touren an jeder Station. Eine entspannende und unvergessliche Art, Ägypten zu erleben!","Familie, Paare, Undeviduale, Gruppe",3 Tage,33,19,"Transport, Führer, Ausrüstung, Mahlzeiten","Getränke, Shop, Guide -Tipps,",01.03.2025,01.03.2025,20,John Doe - Lizenzierter Ägyptenologe,10-20 Personen,Hotellobby,9:00 Uhr,16:00 Uhr,4.7/7,46,Bild,info@egypttrips.com,+20 123 456 789,"Handtuch, Sonnencreme, Bargeld, Gehen ließen",Mäßig,"Englisch, Französisch, Deutsch, Arabisch, Russisch., Polnisch,",2-70 Jahre alt,Bus vom Boot,"Mittagessen, Snacks",Kostenlose Stornierung innerhalb von 24 Stunden,Rollstuhl zugänglich,10% Rabatt für Gruppen von 4 oder mehr,"Montag, dienstags, donnerstags"
Trip012,Luxor,Nil River Flüsse,"Entspannen Sie sich und entspannen Sie sich auf einem traditionellen Felucca -Ritt in Nile und segeln Sie friedlich entlang des berühmtesten Flusses Ägyptens. Spüren Sie die sanfte Brise, während Sie an üppigen Landschaften, alten Schläfen und atemberaubenden Sonnenuntergängen vorbei gleiten. Perfekt für eine romantische Flucht oder eine ruhige Pause aus der Hektik. Eine zeitlose Erfahrung, die Sie nicht vermissen wollen!","Familie, Paare, Undeviduale, Gruppe",3 Stunden,12,9,"Transport, Führer, Eintrittsgebühren, Mahlzeiten","Getränke, Shop, Guide -Tipps,",2/2/2025,2/2/2025,20,John Doe - Lizenzierter Ägyptenologe,10-20 Personen,Hotellobby,9:00 Uhr,18:00 Uhr,4.5/7,47,Bild,info@egypttrips.com,+20 123 456 789,"Handtuch, Sonnencreme, Bargeld, Gehen ließen",Einfach,"Englisch, Französisch, Deutsch, Arabisch, Russisch., Polnisch,",2-70 Jahre alt,Bus vom Boot,"Mittagessen, Snacks",Kostenlose Stornierung innerhalb von 24 Stunden,Rollstuhl zugänglich,10% Rabatt für Gruppen von 4 oder mehr,"Montag, dienstags, donnerstags"
Trip013,Luxor,Sonnenaufgang Felucca Ride,"Erleben Sie die Magie der Morgendämmerung auf einem Sonnenaufgang Felucca Ride entlang des Nils! Gleiten Sie friedlich durch das ruhige Wasser, während das erste Licht des Tages alte Tempel und üppige Landschaften beleuchtet. Mit der sanften Brise und der ruhigen Umgebung ist es der perfekte Weg, um Ihren Tag in Ägypten zu beginnen. Eine wirklich friedliche und unvergessliche Erfahrung!","Familie, Paare, Undeviduale, Gruppe",3 Stunden,12,7,"Transport, Führer, Ausrüstung, Mahlzeiten","Getränke, Shop, Guide -Tipps,",01.03.2025,01.03.2025,20,John Doe - Lizenzierter Ägyptenologe,10-20 Personen,Hotellobby,9:00 Uhr,16:00 Uhr,4.7/8,48,Bild,info@egypttrips.com,+20 123 456 789,"Handtuch, Sonnencreme, Bargeld, Gehen ließen",Mäßig,"Englisch, Französisch, Deutsch, Arabisch, Russisch., Polnisch,",2-70 Jahre alt,Bus vom Boot,"Mittagessen, Snacks",Kostenlose Stornierung innerhalb von 24 Stunden,Rollstuhl zugänglich,10% Rabatt für Gruppen von 4 oder mehr,"Montag, dienstags, donnerstags"
Trip014,Hurghada,Quadbike -Wüstensafari,"Machen Sie sich bereit für eine adrenalingepackte Hurghada Quad-Bying-Wüstensafari! Zoom durch die riesigen, goldenen Dünen auf einem mächtigen Quad -Fahrrad und erkundet die atemberaubende Wüstenlandschaft. Spüren Sie den Nervenkitzel der Fahrt, während Sie traditionelle Beduinencamps besuchen, ein köstliches Abendessen genießen und sich eine Kulturshow unter den Sternen ansehen. Ein unvergessliches Abenteuer im Herzen der Wüste!","Familie, Paare, Undeviduale, Gruppe",4 Stunden,15,10,"Transport, Führer, Eintrittsgebühren, Mahlzeiten","Getränke, Shop, Guide -Tipps,",2/2/2025,2/2/2025,20,John Doe - Lizenzierter Ägyptenologe,10-20 Personen,Hotellobby,9:00 Uhr,18:00 Uhr,4.5/8,49,Bild,info@egypttrips.com,+20 123 456 789,"Handtuch, Sonnencreme, Bargeld, Gehen ließen",Einfach,"Englisch, Französisch, Deutsch, Arabisch, Russisch., Polnisch,",2-70 Jahre alt,Bus vom Boot,"Mittagessen, Snacks",Kostenlose Stornierung innerhalb von 24 Stunden,Rollstuhl zugänglich,10% Rabatt für Gruppen von 4 oder mehr,"Montag, dienstags, donnerstags"
Trip015,Hurghada,Glasbodenbootfahrt,"Segeln Sie Segel auf einer Hurghada-Glasbootfahrt für ein unvergessliches Unterwasserabenteuer, ohne nass zu werden! Gleiten Sie über lebendige Korallenriffe und farbenfrohes Meeresleben, die alle durch den transparenten Boden des Bootes sichtbar sind. Es ist die perfekte Art, die Schönheit des Roten Meeres in Komfort und Stil zu erleben. Ein Muss für Naturliebhaber und Entdecker","Familie, Paare, Undeviduale, Gruppe",2 Stunden,11,8,"Transport, Führer, Ausrüstung, Mahlzeiten","Getränke, Shop, Guide -Tipps,",01.03.2025,01.03.2025,20,John Doe - Lizenzierter Ägyptenologe,10-20 Personen,Hotellobby,9:00 Uhr,16:00 Uhr,4.7/8,50,Bild,info@egypttrips.com,+20 123 456 789,"Handtuch, Sonnencreme, Bargeld, Gehen ließen",Mäßig,"Englisch, Französisch, Deutsch, Arabisch, Russisch., Polnisch,",2-70 Jahre alt,Bus vom Boot,"Mittagessen, Snacks",Kostenlose Stornierung innerhalb von 24 Stunden,Rollstuhl zugänglich,10% Rabatt für Gruppen von 4 oder mehr,"Montag, dienstags, donnerstags"
Trip016,Hurghada,Super Safari -Reise,"Machen Sie sich bereit für das ultimative Abenteuer mit der Super Safari -Reise in Hurghada! Zoomen Sie mit einem Quad -Fahrrad über die Wüste, rennen Sie in einem 4x4 -Jeep durch die Dünen und fahren Sie wie ein echter Wüstenforscher. Halten Sie in einem Beduinen -Dorf an, um ein paar lokale Stimmung zu erhalten, genießen Sie ein leckeres Grilldinner und beenden Sie die Nacht mit einer aufregenden Kulturshow. Es ist die wildeste Fahrt, die Sie jemals im Herzen der Wüste haben! Fahren Sie mit einem Quad -Fahrrad über die Dünen, steigen Sie mit einem 4x4 -Jeep für eine wilde Safari und besuchen Sie traditionelle Beduinen -Dörfer. Erleben Sie Kamelfahrten, genießen Sie ein leckeres Abendessen und sehen Sie sich eine lebendige Kulturshow unter dem Sternenhimmel an. Ein ganzer Tag voller Spaß und Aufregung!","Familie, Paare, Undeviduale, Gruppe",6 Stunden,18,12,"Transport, Führer, Eintrittsgebühren, Mahlzeiten","Getränke, Shop, Guide -Tipps,",2/2/2025,2/2/2025,20,John Doe - Lizenzierter Ägyptenologe,10-20 Personen,Hotellobby,9:00 Uhr,18:00 Uhr,4.5/8,51,Bild,info@egypttrips.com,+20 123 456 789,"Handtuch, Sonnencreme, Bargeld, Gehen ließen",Einfach,"Englisch, Französisch, Deutsch, Arabisch, Russisch., Polnisch,",2-70 Jahre alt,Bus vom Boot,"Mittagessen, Snacks",Kostenlose Stornierung innerhalb von 24 Stunden,Rollstuhl zugänglich,10% Rabatt für Gruppen von 4 oder mehr,"Montag, dienstags, donnerstags"
Trip017,Hurghada,Tagesausreise nach Luxor aus Hurghada,"Machen Sie einen epischen Tagesausflug nach Luxor von Hurghada und tauchen Sie in die alten Wunder von Ägypten ein! Erkunden Sie das beeindruckende Tal der Könige, gehen Sie durch den Grand Karnak-Tempel und bestaunen Sie den atemberaubenden Luxor-Tempel. Mit einer geführten Tour und atemberaubenden Sehenswürdigkeiten ist es ein Wirbelwind -Abenteuer durch die Geschichte, die Sie nicht vergessen werden!","Familie, Paare, Undeviduale, Gruppe",Ganzer Tag,55,35,"Transport, Führer, Ausrüstung, Mahlzeiten","Getränke, Shop, Guide -Tipps,",01.03.2025,01.03.2025,20,John Doe - Lizenzierter Ägyptenologe,10-20 Personen,Hotellobby,9:00 Uhr,16:00 Uhr,4.7/9,52,Bild,info@egypttrips.com,+20 123 456 789,"Handtuch, Sonnencreme, Bargeld, Gehen ließen",Mäßig,"Englisch, Französisch, Deutsch, Arabisch, Russisch., Polnisch,",2-70 Jahre alt,Bus vom Boot,"Mittagessen, Snacks",Kostenlose Stornierung innerhalb von 24 Stunden,Rollstuhl zugänglich,10% Rabatt für Gruppen von 4 oder mehr,"Montag, dienstags, donnerstags"
Trip018,Hurghada,Hurghada Dolphin Show,"Tauchen Sie in der Hurghada Delphin Show in Spaß! Sehen Sie, wie diese verspielten, intelligenten Delfine unglaubliche Tricks und Stunts spielen, die Sie in Ehrfurcht lassen. Mit lebendigen Unterwasseraufführungen und aufregenden Akrobatik ist ein Spritzer Freude für alle Altersgruppen. Perfekt für Tierliebhaber und Familien, die ein unvergessliches, energiegeladenes Erlebnis suchen!","Familie, Paare, Undeviduale, Gruppe",2 Stunden,11,11,"Transport, Führer, Eintrittsgebühren, Mahlzeiten","Getränke, Shop, Guide -Tipps,",2/2/2025,2/2/2025,20,John Doe - Lizenzierter Ägyptenologe,10-20 Personen,Hotellobby,9:00 Uhr,18:00 Uhr,4.5/9,53,Bild,info@egypttrips.com,+20 123 456 789,"Handtuch, Sonnencreme, Bargeld, Gehen ließen",Einfach,"Englisch, Französisch, Deutsch, Arabisch, Russisch., Polnisch,",2-70 Jahre alt,Bus vom Boot,"Mittagessen, Snacks",Kostenlose Stornierung innerhalb von 24 Stunden,Rollstuhl zugänglich,10% Rabatt für Gruppen von 4 oder mehr,"Montag, dienstags, donnerstags"
Trip019,Hurghada,HURGHADA CITY TOUR,"Entdecken Sie den lebhaften Charme von Hurghada mit einer unterhaltsamen Hurghada-Stadttour! Erkunden Sie die geschäftigen Märkte, schlendern Sie den lebhaften Yachthafen und besuchen Sie historische Sehenswürdigkeiten wie die Moschee El Mina und die koptische Kirche. Tauchen Sie in die lokale Kultur ein, kaufen Sie für einzigartige Souvenirs und genießen Sie die perfekte Mischung aus Geschichte, Kultur und Meer!","Familie, Paare, Undeviduale, Gruppe",5 Stunden,6,4,"Transport, Führer, Ausrüstung, Mahlzeiten","Getränke, Shop, Guide -Tipps,",01.03.2025,01.03.2025,20,John Doe - Lizenzierter Ägyptenologe,10-20 Personen,Hotellobby,9:00 Uhr,16:00 Uhr,4.7/9,54,Bild,info@egypttrips.com,+20 123 456 789,"Handtuch, Sonnencreme, Bargeld, Gehen ließen",Mäßig,"Englisch, Französisch, Deutsch, Arabisch, Russisch., Polnisch,",2-70 Jahre alt,Bus vom Boot,"Mittagessen, Snacks",Kostenlose Stornierung innerhalb von 24 Stunden,Rollstuhl zugänglich,10% Rabatt für Gruppen von 4 oder mehr,"Montag, dienstags, donnerstags"
Trip020,Hurghada,Angelausflug,"Segeln Sie einen aufregenden Fischereisen in Hurghada und sparen Sie sich im Fang eines Lebens! Genießen Sie einen entspannten Tag auf den kristallklaren Gewässern des Roten Meeres, wobei Expertenführer Ihnen helfen, eine Vielzahl von Fischen zu fangen. Egal, ob Sie ein erfahrener Angler oder ein Anfänger sind, es ist ein perfektes Abenteuer für diejenigen, die sich entspannen und die Schönheit der Natur genießen möchten!","Familie, Paare, Undeviduale, Gruppe",6 Stunden,11,6,"Transport, Führer, Eintrittsgebühren, Mahlzeiten","Getränke, Shop, Guide -Tipps,",2/2/2025,2/2/2025,20,John Doe - Lizenzierter Ägyptenologe,10-20 Personen,Hotellobby,9:00 Uhr,18:00 Uhr,4.5/9,55,Bild,info@egypttrips.com,+20 123 456 789,"Handtuch, Sonnencreme, Bargeld, Gehen ließen",Einfach,"Englisch, Französisch, Deutsch, Arabisch, Russisch., Polnisch,",2-70 Jahre alt,Bus vom Boot,"Mittagessen, Snacks",Kostenlose Stornierung innerhalb von 24 Stunden,Rollstuhl zugänglich,10% Rabatt für Gruppen von 4 oder mehr,"Montag, dienstags, donnerstags"
Trip021,Hurghada,Tauchabenteuer,"Tauchen Sie ein unvergessliches Tauchabenteuer im Roten Meer! Entdecken Sie lebendige Korallenriffe, schwimmen Sie mit farbenfrohen Fischen und entdecken Sie versteckte Unterwasserschätze. Egal, ob Sie ein Anfänger oder ein erfahrener Taucher sind, das kristallklare Wasser bietet eine erstaunliche Welt zum Erkunden. Machen Sie sich bereit für ein Abenteuer wie kein anderer unter der Oberfläche!","Familie, Paare, Undeviduale, Gruppe",6 Stunden,18,15,"Transport, Führer, Ausrüstung, Mahlzeiten","Getränke, Shop, Guide -Tipps,",01.03.2025,01.03.2025,20,John Doe - Lizenzierter Ägyptenologe,10-20 Personen,Hotellobby,9:00 Uhr,16:00 Uhr,4.7/10,56,Bild,info@egypttrips.com,+20 123 456 789,"Handtuch, Sonnencreme, Bargeld, Gehen ließen",Mäßig,"Englisch, Französisch, Deutsch, Arabisch, Russisch., Polnisch,",2-70 Jahre alt,Bus vom Boot,"Mittagessen, Snacks",Kostenlose Stornierung innerhalb von 24 Stunden,Rollstuhl zugänglich,10% Rabatt für Gruppen von 4 oder mehr,"Montags, dienstags, Freitag"
Trip022,Hurghada,Giftun Island Schnorcheln,"Beginnen Sie ein Schnorcheln von Giftun Island, bei dem kristallklare Wasser lebendige Korallenriffe und atemberaubendes Meeresleben enthüllen! Schwimmen Sie neben farbenfrohen Fischen, verspielten Delfinen und vielleicht sogar einer Meeresschildkröte, während Sie die Unterwasser Schönheit der Insel erkunden. Ein perfekter Tag für Naturliebhaber und diejenigen, die in die atemberaubende Wasserwelt des Roten Meeres eintauchen möchten!","Familie, Paare, Undeviduale, Gruppe",8 Stunden,15,12,"Transport, Führer, Eintrittsgebühren, Mahlzeiten","Getränke, Shop, Guide -Tipps,",2/2/2025,2/2/2025,20,John Doe - Lizenzierter Ägyptenologe,10-20 Personen,Hotellobby,9:00 Uhr,18:00 Uhr,"4,5/10",57,Bild,info@egypttrips.com,+20 123 456 789,"Handtuch, Sonnencreme, Bargeld, Gehen ließen",Einfach,"Englisch, Französisch, Deutsch, Arabisch, Russisch., Polnisch,",2-70 Jahre alt,Bus vom Boot,"Mittagessen, Snacks",Kostenlose Stornierung innerhalb von 24 Stunden,Rollstuhl zugänglich,10% Rabatt für Gruppen von 4 oder mehr,"Montag, dienstags, donnerstags"
Trip023,Hurghada,Mahmaya Island Schnorcheln,"Machen Sie auf einer unvergesslichen Schnorchelausreise auf Mahmaya Island, wo das kristallklare Wasser des Roten Meeres voller lebhafter Korallenriffe und exotischem Meeresleben ist! Schwimmen Sie in ruhigen Lagunen, erkunden Sie farbenfrohe Unterwasserlandschaften und genießen Sie die friedliche, makellose Schönheit der Insel. Ein perfektes Paradies für Schnorcheln, die ein idyllisches und unvergessliches aquatisches Erlebnis suchen!","Familie, Paare, Undeviduale, Gruppe",8 Stunden,45,30,"Transport, Führer, Ausrüstung, Mahlzeiten","Getränke, Shop, Guide -Tipps,",01.03.2025,01.03.2025,20,John Doe - Lizenzierter Ägyptenologe,10-20 Personen,Hotellobby,9:00 Uhr,16:00 Uhr,4.7/10,58,Bild,info@egypttrips.com,+20 123 456 789,"Handtuch, Sonnencreme, Bargeld, Gehen ließen",Mäßig,"Englisch, Französisch, Deutsch, Arabisch, Russisch., Polnisch,",2-70 Jahre alt,Bus vom Boot,"Mittagessen, Snacks",Kostenlose Stornierung innerhalb von 24 Stunden,Rollstuhl zugänglich,10% Rabatt für Gruppen von 4 oder mehr,"Montag, dienstags, donnerstags"
Trip024,Hurghada,HURGHADA CITY TOUR,Erkunden Sie die Unterwasserwelt von Sharm El Sheikh,"Familie, Paare, Undeviduale, Gruppe",6 Stunden,6,3,"Transport, Führer, Eintrittsgebühren, Mahlzeiten","Getränke, Shop, Guide -Tipps,",2/2/2025,2/2/2025,20,John Doe - Lizenzierter Ägyptenologe,10-20 Personen,Hotellobby,9:00 Uhr,18:00 Uhr,"4,5/10",59,Bild,info@egypttrips.com,+20 123 456 789,"Handtuch, Sonnencreme, Bargeld, Gehen ließen",Einfach,"Englisch, Französisch, Deutsch, Arabisch, Russisch., Polnisch,",2-70 Jahre alt,Bus vom Boot,"Mittagessen, Snacks",Kostenlose Stornierung innerhalb von 24 Stunden,Rollstuhl zugänglich,10% Rabatt für Gruppen von 4 oder mehr,"Montag, dienstags, donnerstags"
Trip025,Hurghada,Tagesausreise nach Kairo von Hurghada,"Machen Sie eine unvergessliche Tagesausreise nach Kairo von Hurghada und betreten Sie das Herz des alten Ägyptens! Staunen Sie die legendären Pyramiden von Giza, stehen in Ehrfurcht vor dem Sphinx und erkunden Sie die faszinierenden Schätze im ägyptischen Museum. Mit einem sachkundigen Führer erleben Sie die Wunder von Kairo an einem aufregenden, actionreichen Tag!","Familie, Paare, Undeviduale, Gruppe",Ganzer Tag,55,35,"Transport, Führer, Ausrüstung, Mahlzeiten","Getränke, Shop, Guide -Tipps,",01.03.2025,01.03.2025,20,John Doe - Lizenzierter Ägyptenologe,10-20 Personen,Hotellobby,9:00 Uhr,16:00 Uhr,4.7/11,60,Bild,info@egypttrips.com,+20 123 456 789,"Handtuch, Sonnencreme, Bargeld, Gehen ließen",Mäßig,"Englisch, Französisch, Deutsch, Arabisch, Russisch., Polnisch,",2-70 Jahre alt,Bus vom Boot,"Mittagessen, Snacks",Kostenlose Stornierung innerhalb von 24 Stunden,Rollstuhl zugänglich,10% Rabatt für Gruppen von 4 oder mehr,"Montag, dienstags, donnerstags"
Trip026,Sharm El Sheikh,Ras Mohammed National Park Tour,"Tauchen Sie in das lebendige Wasser des Ras Mohammed National Park auf einer unvergesslichen Schnorchel -Tour! Entdecken Sie eines der Top Marine Reserves Ägyptens, gefüllt mit atemberaubenden Korallenriffen, farbenfrohen Fischen und kristallklarem Wasser. Schwimmen Sie durch geschützte Lagunen und genießen Sie die atemberaubende Unterwasser Schönheit dieses natürlichen Paradieses. Ein Muss für Schnorcheln, die ein aquatisches Abenteuer wie kein anderer suchen!","Familie, Paare, Undeviduale, Gruppe",8 Stunden,22,11,"Transport, Führer, Eintrittsgebühren, Mahlzeiten","Getränke, Shop, Guide -Tipps,",2/2/2025,2/2/2025,20,John Doe - Lizenzierter Ägyptenologe,10-20 Personen,Hotellobby,9:00 Uhr,18:00 Uhr,4.5/11,61,Bild,info@egypttrips.com,+20 123 456 789,"Handtuch, Sonnencreme, Bargeld, Gehen ließen",Einfach,"Englisch, Französisch, Deutsch, Arabisch, Russisch., Polnisch,",2-70 Jahre alt,Bus vom Boot,"Mittagessen, Snacks",Kostenlose Stornierung innerhalb von 24 Stunden,Rollstuhl zugänglich,10% Rabatt für Gruppen von 4 oder mehr,"Montag, dienstags, donnerstags"
Trip027,Sharm El Sheikh,Quadbike -Safari in der Wüste,"Machen Sie sich bereit für einen Adrenalinschub mit der Sharm Quad -Bike -Safari in der Wüste! Rennen Sie durch die goldenen Dünen mit einem mächtigen Quad -Fahrrad, spüren Sie den Nervenkitzel der Fahrt und erkunden Sie die riesige Wüstenlandschaft. Besuchen Sie ein traditionelles Beduinenlager für einen Eindruck von lokaler Kultur, genießen Sie ein köstliches Essen und beenden Sie den Tag mit einem faszinierenden Sonnenuntergang des Wüstens. Ein actionreiches Abenteuer, das Sie nicht vergessen werden!","Familie, Paare, Undeviduale, Gruppe",4 Stunden,18,9,"Transport, Führer, Ausrüstung, Mahlzeiten","Getränke, Shop, Guide -Tipps,",01.03.2025,01.03.2025,20,John Doe - Lizenzierter Ägyptenologe,10-20 Personen,Hotellobby,9:00 Uhr,16:00 Uhr,4.7/11,62,Bild,info@egypttrips.com,+20 123 456 789,"Handtuch, Sonnencreme, Bargeld, Gehen ließen",Mäßig,"Englisch, Französisch, Deutsch, Arabisch, Russisch., Polnisch,",2-70 Jahre alt,Bus vom Boot,"Mittagessen, Snacks",Kostenlose Stornierung innerhalb von 24 Stunden,Rollstuhl zugänglich,10% Rabatt für Gruppen von 4 oder mehr,"Montag, dienstags, donnerstags"
Trip028,Sharm El Sheikh,Glasbodenbootfahrt,"Segeln Sie in Sharm El Sheikh auf eine Bootsfahrt mit Glasboden und entdecken Sie die magische Unterwasserwelt, ohne nass zu werden! Gleiten Sie über lebendige Korallenriffe und schwimmen Sie neben farbenfrohen Fischen, während Sie den Blick durch den transparenten Boden des Bootes genießen. Es ist der perfekte, entspannende Weg, um das atemberaubende Meeresleben und das kristallklare Wasser des Roten Meeres zu erleben!","Familie, Paare, Undeviduale, Gruppe",2 Stunden,15,8,"Transport, Führer, Eintrittsgebühren, Mahlzeiten","Getränke, Shop, Guide -Tipps,",2/2/2025,2/2/2025,20,John Doe - Lizenzierter Ägyptenologe,10-20 Personen,Hotellobby,9:00 Uhr,18:00 Uhr,4.5/11,63,Bild,info@egypttrips.com,+20 123 456 789,"Handtuch, Sonnencreme, Bargeld, Gehen ließen",Einfach,"Englisch, Französisch, Deutsch, Arabisch, Russisch., Polnisch,",2-70 Jahre alt,Bus vom Boot,"Mittagessen, Snacks",Kostenlose Stornierung innerhalb von 24 Stunden,Rollstuhl zugänglich,10% Rabatt für Gruppen von 4 oder mehr,"Montag, dienstags, donnerstags"
Trip029,Sharm El Sheikh,Sonnenuntergang Desert Safari,"Erleben Sie die Magie der Wüste mit einer Sunset Desert Safari! Fahren Sie durch die goldenen Dünen auf einem Quad -Fahrrad oder Kamel und beobachten Sie, wie sich der Himmel in lebendige Farbtöne verwandelt, während sich die Sonne hinter den Bergen unterhält. Genießen Sie ein traditionelles Beduinen -Abendessen, eine Live -Unterhaltung und ein Stargazing unter dem klaren Wüstenhimmel. Ein wirklich unvergessliches Abenteuer!","Familie, Paare, Undeviduale, Gruppe",4 Stunden,15,8,"Transport, Führer, Ausrüstung, Mahlzeiten","Getränke, Shop, Guide -Tipps,",01.03.2025,01.03.2025,20,John Doe - Lizenzierter Ägyptenologe,10-20 Personen,Hotellobby,9:00 Uhr,16:00 Uhr,4.7/12,64,Bild,info@egypttrips.com,+20 123 456 789,"Handtuch, Sonnencreme, Bargeld, Gehen ließen",Mäßig,"Englisch, Französisch, Deutsch, Arabisch, Russisch., Polnisch,",2-70 Jahre alt,Bus vom Boot,"Mittagessen, Snacks",Kostenlose Stornierung innerhalb von 24 Stunden,Rollstuhl zugänglich,5% Rabatt für Gruppen von 4 oder mehr,"Montag, dienstags, donnerstags"
Trip030,Sharm El Sheikh,Blue Hole Schnorchel -Tour,"Tauchen Sie in das kristallklare Wasser auf einer Schnorchel-Tour mit blauem Loch und erkunden Sie einen der berühmtesten Tauchplätze des Roten Meeres! Schwimmen Sie durch lebendige Korallenriffe, farbenfrohe Fische und einzigartiges Meeresleben in diesem Unterwasserparadies. Egal, ob Sie ein Anfänger oder ein erfahrener Schnorchler sind, dieses Abenteuer bietet ein unvergessliches aquatisches Erlebnis. Ein Muss für alle Naturliebhaber und Ozeanforscher!","Familie, Paare, Undeviduale, Gruppe",Halbtag,22,12,"Transport, Führer, Eintrittsgebühren, Mahlzeiten","Getränke, Shop, Guide -Tipps,",2/2/2025,2/2/2025,20,John Doe - Lizenzierter Ägyptenologe,10-20 Personen,Hotellobby,9:00 Uhr,18:00 Uhr,"4,5/12",65,Bild,info@egypttrips.com,+20 123 456 789,"Handtuch, Sonnencreme, Bargeld, Gehen ließen",Einfach,"Englisch, Französisch, Deutsch, Arabisch, Russisch., Polnisch,",2-70 Jahre alt,Bus vom Boot,"Mittagessen, Snacks",Kostenlose Stornierung innerhalb von 24 Stunden,Rollstuhl zugänglich,10% Rabatt für Gruppen von 4 oder mehr,"Montag, dienstags, donnerstags"
Trip031,Sharm El Sheikh,Bootsfahrt Tiran Island,"Segeln Sie auf einer unvergesslichen Bootsfahrt in Tiran Island, auf der die atemberaubende Schönheit des Roten Meeres Adventure trifft! Fahren Sie zur malerischen Insel und halten Sie an oberen Schnorcheln an, um lebendige Korallenriffe zu erkunden und mit tropischen Fischen zu schwimmen. Entspannen Sie sich auf dem Deck, genießen Sie die Sonne und genießen Sie ein köstliches Mittagessen, während Sie die atemberaubende Aussicht genießen. Ein perfekter Tag auf dem Wasser!","Familie, Paare, Undeviduale, Gruppe",8 Stunden,18,11,"Transport, Führer, Ausrüstung, Mahlzeiten","Getränke, Shop, Guide -Tipps,",01.03.2025,01.03.2025,20,John Doe - Lizenzierter Ägyptenologe,10-20 Personen,Hotellobby,9:00 Uhr,16:00 Uhr,4.7/12,66,Bild,info@egypttrips.com,+20 123 456 789,"Handtuch, Sonnencreme, Bargeld, Gehen ließen",Mäßig,"Englisch, Französisch, Deutsch, Arabisch, Russisch., Polnisch,",2-70 Jahre alt,Bus vom Boot,"Mittagessen, Snacks",Kostenlose Stornierung innerhalb von 24 Stunden,Rollstuhl zugänglich,10% Rabatt für Gruppen von 4 oder mehr,"Montag, dienstags, donnerstags"
Trip032,Sharm El Sheikh,Kamelfahrt und Beduinen -Abendessen,"Auf einer magischen Kamelfahrt und Beduinenabenteuer durch die Wüste! Fahren Sie ein Kamel über die goldenen Dünen, genießen Sie in der atemberaubenden Wüstenlandschaft und erleben Sie traditionelle Beduinenkultur. Beenden Sie den Abend mit einem köstlichen Abendessen im Beduin-Stil unter den Sternen mit Live-Musik und Unterhaltung. Eine perfekte Mischung aus Abenteuer, Kultur und Entspannung!","Familie, Paare, Undeviduale, Gruppe",6 Stunden,16,9,"Transport, Führer, Eintrittsgebühren, Mahlzeiten","Getränke, Shop, Guide -Tipps,",2/2/2025,2/2/2025,20,John Doe - Lizenzierter Ägyptenologe,10-20 Personen,Hotellobby,9:00 Uhr,18:00 Uhr,"4,5/12",67,Bild,info@egypttrips.com,+20 123 456 789,"Handtuch, Sonnencreme, Bargeld, Gehen ließen",Einfach,"Englisch, Französisch, Deutsch, Arabisch, Russisch., Polnisch,",2-70 Jahre alt,Bus vom Boot,"Mittagessen, Snacks",Kostenlose Stornierung innerhalb von 24 Stunden,Rollstuhl zugänglich,10% Rabatt für Gruppen von 4 oder mehr,"Montags, dienstags, Freitag"
Trip033,Sharm El Sheikh,Sharm El Sheikh Tour,"Entdecken Sie den lebhaften Charme von Sharm El Sheikh auf einer unterhaltsamen Stadtrundfahrt! Erkunden Sie die geschäftigen Märkte, besuchen Sie das atemberaubende Kloster von St. Catherine und bewundern Sie die Schönheit der Naama Bay. Tauchen Sie in die lokale Kultur ein, kaufen Sie für einzigartige Souvenirs und genießen Sie die Mischung aus Geschichte, modernen Attraktionen und Vibes am Meer! Perfekt für diejenigen, die das Herz der Stadt erleben möchten.","Familie, Paare, Undeviduale, Gruppe",6 Stunden,6,3,"Transport, Führer, Ausrüstung, Mahlzeiten","Getränke, Shop, Guide -Tipps,",01.03.2025,01.03.2025,20,John Doe - Lizenzierter Ägyptenologe,10-20 Personen,Hotellobby,9:00 Uhr,16:00 Uhr,4.7/13,68,Bild,info@egypttrips.com,+20 123 456 789,"Handtuch, Sonnencreme, Bargeld, Gehen ließen",Mäßig,"Englisch, Französisch, Deutsch, Arabisch, Russisch., Polnisch,",2-70 Jahre alt,Bus vom Boot,"Mittagessen, Snacks",Kostenlose Stornierung innerhalb von 24 Stunden,Rollstuhl zugänglich,10% Rabatt für Gruppen von 4 oder mehr,"Montag, dienstags, donnerstags"
Trip034,Sharm El Sheikh,Nachtwüstensafari,"Machen Sie sich bereit für eine aufregende nächtliche Wüstensafari! Steigen Sie auf einen 4x4 -Jeep oder ein Kamel und fahren Sie durch die magische Wüste unter den Sternen. Spüren Sie den Nervenkitzel der Nacht, während Sie ein Beduinencamp besuchen, ein köstliches Abendessen genießen und sich eine Live -Kulturshow ansehen. Die Wüste wird nachts lebendig und bietet ein unvergessliches Abenteuer, das Sie nicht vermissen wollen!","Familie, Paare, Undeviduale, Gruppe",6 Stunden,6,3,"Transport, Führer, Eintrittsgebühren, Mahlzeiten","Getränke, Shop, Guide -Tipps,",2/2/2025,2/2/2025,20,John Doe - Lizenzierter Ägyptenologe,10-20 Personen,Hotellobby,9:00 Uhr,18:00 Uhr,4.5/13,69,Bild,info@egypttrips.com,+20 123 456 789,"Handtuch, Sonnencreme, Bargeld, Gehen ließen",Einfach,"Englisch, Französisch, Deutsch, Arabisch, Russisch., Polnisch,",2-70 Jahre alt,Bus vom Boot,"Mittagessen, Snacks",Kostenlose Stornierung innerhalb von 24 Stunden,Rollstuhl zugänglich,10% Rabatt für Gruppen von 4 oder mehr,"Montag, dienstags, donnerstags"
Trip035,Sharm El Sheikh,St. Catherine -Klosterreise,"Machen Sie eine spirituelle und landschaftlich reizvolle Reise mit einer Kloster -Kloster -Kloster -Kloster -Reise! Erkunden Sie dieses alte und heilige Kloster am Fuße des Berges Sinai, in dem die atemberaubende byzantinische Architektur und religiöse Artefakte beheimatet sind. Genießen Sie atemberaubende Aussichten auf die umliegende Wüste und Berge und entdecken Sie die reiche Geschichte dieses UNESCO -Weltkulturerbes. Ein friedliches und inspirierendes Abenteuer!","Familie, Paare, Undeviduale, Gruppe",Ganzer Tag,25,15,"Transport, Führer, Ausrüstung, Mahlzeiten","Getränke, Shop, Guide -Tipps,",01.03.2025,01.03.2025,20,John Doe - Lizenzierter Ägyptenologe,10-20 Personen,Hotellobby,9:00 Uhr,16:00 Uhr,4.7/13,70,Bild,info@egypttrips.com,+20 123 456 789,"Handtuch, Sonnencreme, Bargeld, Gehen ließen",Mäßig,"Englisch, Französisch, Deutsch, Arabisch, Russisch., Polnisch,",2-70 Jahre alt,Bus vom Boot,"Mittagessen, Snacks",Kostenlose Stornierung innerhalb von 24 Stunden,Rollstuhl zugänglich,10% Rabatt für Gruppen von 4 oder mehr,"Montag, dienstags, donnerstags"
Trip036,Sharm El Sheikh,Sharm El Sheikh Bootsfahrt mit BBQ,Erkunden Sie die Unterwasserwelt von Sharm El Sheikh,"Familie, Paare, Undeviduale, Gruppe",6 Stunden,20,11,"Transport, Führer, Eintrittsgebühren, Mahlzeiten","Getränke, Shop, Guide -Tipps,",2/2/2025,2/2/2025,20,John Doe - Lizenzierter Ägyptenologe,10-20 Personen,Hotellobby,9:00 Uhr,18:00 Uhr,4.5/13,71,Bild,info@egypttrips.com,+20 123 456 789,"Handtuch, Sonnencreme, Bargeld, Gehen ließen",Einfach,"Englisch, Französisch, Deutsch, Arabisch, Russisch., Polnisch,",2-70 Jahre alt,Bus vom Boot,"Mittagessen, Snacks",Kostenlose Stornierung innerhalb von 24 Stunden,Rollstuhl zugänglich,10% Rabatt für Gruppen von 4 oder mehr,"Montag, dienstags, donnerstags"
Trip038,Sharm El Sheikh,"Wassersportabenteuer (Parasailing, Jet Ski)","Machen Sie sich bereit für ein aufregendes Wassersportabenteuer in Sharm El Sheikh! Spüren Sie den Ansturm, wenn Sie mit Parasailing hoch aufsteigen, zoomen Sie mit einem Jetski über das Wasser und genießen Sie andere aufregende Aktivitäten wie Bananenbootfahrten und Wasserski. Egal, ob Sie Adrenalin suchen oder nur Spaß am Wasser haben möchten, dieses Abenteuer hat für jeden etwas dabei!","Familie, Paare, Undeviduale, Gruppe",4 Stunden,18,10,"Transport, Führer, Eintrittsgebühren, Mahlzeiten","Getränke, Shop, Guide -Tipps,",2/2/2025,2/2/2025,20,John Doe - Lizenzierter Ägyptenologe,10-20 Personen,Hotellobby,9:00 Uhr,18:00 Uhr,4.5/14,73,Bild,info@egypttrips.com,+20 123 456 789,"Handtuch, Sonnencreme, Bargeld, Gehen ließen",Einfach,"Englisch, Französisch, Deutsch, Arabisch, Russisch., Polnisch,",2-70 Jahre alt,Bus vom Boot,"Mittagessen, Snacks",Kostenlose Stornierung innerhalb von 24 Stunden,Rollstuhl zugänglich,10% Rabatt für Gruppen von 4 oder mehr,"Montag, dienstags, donnerstags"
Trip039,Sharm El Sheikh,Tauchabenteuer,"Tauchen Sie in ein unvergessliches Tauchabenteuer in Sharm El Sheikh ein! Erkunden Sie die atemberaubenden Korallenriffe des Roten Meeres, schwimmen Sie mit farbenfrohen Fischen und entdecken Sie Unterwasserwunder wie Schiffswracks und lebendiges Meeresleben. Egal, ob Sie ein Anfänger oder ein erfahrener Taucher sind, dieses Abenteuer bietet eine unglaubliche Gelegenheit, eines der besten Tauchziele der Welt zu erleben. Bereiten Sie sich darauf vor, unter der Oberfläche erstaunt zu werden!","Familie, Paare, Undeviduale, Gruppe",4 Stunden,25,15,"Transport, Führer, Ausrüstung, Mahlzeiten","Getränke, Shop, Guide -Tipps,",01.03.2025,01.03.2025,20,John Doe - Lizenzierter Ägyptenologe,10-20 Personen,Hotellobby,9:00 Uhr,16:00 Uhr,4.7/14,74,Bild,info@egypttrips.com,+20 123 456 789,"Handtuch, Sonnencreme, Bargeld, Gehen ließen",Mäßig,"Englisch, Französisch, Deutsch, Arabisch, Russisch., Polnisch,",2-70 Jahre alt,Bus vom Boot,"Mittagessen, Snacks",Kostenlose Stornierung innerhalb von 24 Stunden,Rollstuhl zugänglich,10% Rabatt für Gruppen von 4 oder mehr,"Montag, dienstags, donnerstags"
Trip040,Sharm El Sheikh,Sterngaser,"Beginnen Sie eine faszinierende Wüstenstar -Gazer -Erfahrung in Sharm El Sheikh! Wagen Sie sich nachts in die ruhige Wüste, wo Sie den klaren, sterngefüllten Himmel staunen. Erforschen Sie mit Expertenführern Sternbilder, Planeten und sogar entfernte Galaxien durch mächtige Teleskope. Genießen Sie die Gelassenheit der Wüstennacht, die mit einem gemütlichen Abendessen im Beduin-Stil unter den Sternen abgehalten wird. Eine perfekte Mischung aus Abenteuer und Sternenmagie!","Familie, Paare, Undeviduale, Gruppe",6 Stunden,22,12,"Transport, Führer, Eintrittsgebühren, Mahlzeiten","Getränke, Shop, Guide -Tipps,",2/2/2025,2/2/2025,20,John Doe - Lizenzierter Ägyptenologe,10-20 Personen,Hotellobby,9:00 Uhr,18:00 Uhr,4.5/14,75,Bild,info@egypttrips.com,+20 123 456 789,"Handtuch, Sonnencreme, Bargeld, Gehen ließen",Einfach,"Englisch, Französisch, Deutsch, Arabisch, Russisch., Polnisch,",2-70 Jahre alt,Bus vom Boot,"Mittagessen, Snacks",Kostenlose Stornierung innerhalb von 24 Stunden,Rollstuhl zugänglich,10% Rabatt für Gruppen von 4 oder mehr,"Montag, dienstags, donnerstags"
Trip041,Sharm El Sheikh,Kairo im Bus,"Nehmen Sie einen malerischen Kairo mit Busreise für eine unvergessliche Reise in die lebendige Hauptstadt Ägyptens! Reisen Sie bequem von Ihrem Ausgangspunkt aus, um legendäre Sehenswürdigkeiten wie die Pyramiden von Giza, der Sphinx und den Schätzen des ägyptischen Museums zu erkunden. Tauchen Sie mit einem sachkundigen Führer in die reiche Geschichte und Kultur von Kairo ein und genießen die Busfahrt durch die wunderschönen Landschaften von Ägypten. Ein perfekter Tag, um das Herz Ägyptens zu entdecken!","Familie, Paare, Undeviduale, Gruppe",Ganzer Tag,60,33,"Transport, Führer, Ausrüstung, Mahlzeiten","Getränke, Shop, Guide -Tipps,",01.03.2025,01.03.2025,20,John Doe - Lizenzierter Ägyptenologe,10-20 Personen,Hotellobby,9:00 Uhr,16:00 Uhr,4.7/15,76,Bild,info@egypttrips.com,+20 123 456 789,"Handtuch, Sonnencreme, Bargeld, Gehen ließen",Mäßig,"Englisch, Französisch, Deutsch, Arabisch, Russisch., Polnisch,",2-70 Jahre alt,Bus vom Boot,"Mittagessen, Snacks",Kostenlose Stornierung innerhalb von 24 Stunden,Rollstuhl zugänglich,10% Rabatt für Gruppen von 4 oder mehr,"Montag, dienstags, donnerstags"
Trip042,Sharm El Sheikh,Kairo von Luft,"Fliegen Sie stilig mit einem Kairo nach Air Trip von Sharm El Sheikh nach Kairo! Genießen Sie einen schnellen und komfortablen Flug und tauchen Sie dann direkt in Ägyptens ikonische Attraktionen wie die Pyramiden von Giza, der Sphinx und den Schätzen des ägyptischen Museums ein. Mit einer geführten Tour machen Sie das Beste aus Ihrem Tag in Kairo, um alte Wunder und lebendige Kultur in einer einzigen, actionreichen Reise zu erkunden!","Familie, Paare, Undeviduale, Gruppe",Ganzer Tag,155,125,"Transport, Führer, Eintrittsgebühren, Mahlzeiten","Getränke, Shop, Guide -Tipps,",2/2/2025,2/2/2025,20,John Doe - Lizenzierter Ägyptenologe,10-20 Personen,Hotellobby,9:00 Uhr,18:00 Uhr,4.5/15,77,Bild,info@egypttrips.com,+20 123 456 789,"Handtuch, Sonnencreme, Bargeld, Gehen ließen",Einfach,"Englisch, Französisch, Deutsch, Arabisch, Russisch., Polnisch,",2-70 Jahre alt,Bus vom Boot,"Mittagessen, Snacks",Kostenlose Stornierung innerhalb von 24 Stunden,Rollstuhl zugänglich,10% Rabatt für Gruppen von 4 oder mehr,"Montag, dienstags, donnerstags"
Trip043,Sharm El Sheikh,Luxor für Luft,"Erleben Sie die Wunder von Luxor auf einem schnellen Flug von Sharm El Sheikh auf Luft! In kurzer Zeit landen Sie im Herzen des alten Ägyptens und bereit, legendäre Stätten wie das Tal der Könige, den Karnak -Tempel und den Luxor -Tempel zu erkunden. Entdecken Sie mit einem sachkundigen Führer die reiche Geschichte und die atemberaubende Architektur dieser zeitlosen Stadt auf einem bequemen, actionreichen Tagesausflug!","Familie, Paare, Undeviduale, Gruppe",Ganzer Tag,155,125,"Transport, Führer, Ausrüstung, Mahlzeiten","Getränke, Shop, Guide -Tipps,",01.03.2025,01.03.2025,20,John Doe - Lizenzierter Ägyptenologe,10-20 Personen,Hotellobby,9:00 Uhr,16:00 Uhr,4.7/15,78,Bild,info@egypttrips.com,+20 123 456 789,"Handtuch, Sonnencreme, Bargeld, Gehen ließen",Mäßig,"Englisch, Französisch, Deutsch, Arabisch, Russisch., Polnisch,",2-70 Jahre alt,Bus vom Boot,"Mittagessen, Snacks",Kostenlose Stornierung innerhalb von 24 Stunden,Rollstuhl zugänglich,10% Rabatt für Gruppen von 4 oder mehr,"Montag, dienstags, donnerstags"
Trip044,Kairo,Pyramiden von Giza und Sphinx Tour,"Treten Sie mit einer faszinierenden Pyramiden von Giza und Sphinx Tour zurück! Staunen Sie über die hoch aufragenden großen Pyramiden, eines der sieben Wunder der Antike, und stehen in Ehrfurcht vor dem majestätischen Sphinx, der sie bewacht. Erkunden Sie die reiche Geschichte und die Rätsel dieser ikonischen Denkmäler und genießen Sie gleichzeitig kompetente Erkenntnisse aus Ihrem Leitfaden. Ein Muss für Geschichtsliebhaber und Abenteurer gleichermaßen!","Familie, Paare, Undeviduale, Gruppe",4 Stunden,22,11,"Transport, Führer, Eintrittsgebühren, Mahlzeiten","Getränke, Shop, Guide -Tipps,",2/2/2025,2/2/2025,20,John Doe - Lizenzierter Ägyptenologe,10-20 Personen,Hotellobby,9:00 Uhr,18:00 Uhr,4.5/15,79,Bild,info@egypttrips.com,+20 123 456 789,"Handtuch, Sonnencreme, Bargeld, Gehen ließen",Einfach,"Englisch, Französisch, Deutsch, Arabisch, Russisch., Polnisch,",2-70 Jahre alt,Bus vom Boot,"Mittagessen, Snacks",Kostenlose Stornierung innerhalb von 24 Stunden,Rollstuhl zugänglich,10% Rabatt für Gruppen von 4 oder mehr,"Montag, dienstags, donnerstags"
Trip045,Kairo,Ägyptische Museum -Tour,"Tauchen Sie mit einer ägyptischen Museums -Tour in die unglaubliche Geschichte von Ägypten ein! Entdecken Sie Tausende alter Artefakte, einschließlich der Schätze von Tutanchamun, Mumien und atemberaubenden Skulpturen. Mit Expertenleitfäden, um die Geschichten zum Leben zu erwecken, erkunden Sie Ägyptens reiche Vergangenheit und entdecken die Geheimnisse seiner berühmtesten Pharaonen und Herrscher. Ein Muss für jeden Geschichtsliebling!","Familie, Paare, Undeviduale, Gruppe",4 Stunden,18,9,"Transport, Führer, Ausrüstung, Mahlzeiten","Getränke, Shop, Guide -Tipps,",01.03.2025,01.03.2025,20,John Doe - Lizenzierter Ägyptenologe,10-20 Personen,Hotellobby,9:00 Uhr,16:00 Uhr,4.7/16,80,Bild,info@egypttrips.com,+20 123 456 789,"Handtuch, Sonnencreme, Bargeld, Gehen ließen",Mäßig,"Englisch, Französisch, Deutsch, Arabisch, Russisch., Polnisch,",2-70 Jahre alt,Bus vom Boot,"Mittagessen, Snacks",Kostenlose Stornierung innerhalb von 24 Stunden,Rollstuhl zugänglich,10% Rabatt für Gruppen von 4 oder mehr,"Montag, dienstags, donnerstags"
Trip046,Kairo,Koptische Kairo -Tour,"Treten Sie in das Herz der ägyptischen christlichen Geschichte mit einer koptischen Kairo -Tour! Erkunden Sie die hängende Kirche, das koptische Museum und die alten religiösen Stätten, die das ägyptische reiche christliche Erbe zeigen. Wandere durch die engen Straßen des koptischen Kairos, wo jahrhunderte alte Kirchen, Synagogen und Moscheen nebeneinander stehen. Eine faszinierende Reise durch Glauben, Geschichte und Kultur!","Familie, Paare, Undeviduale, Gruppe",6 Stunden,15,9,"Transport, Führer, Eintrittsgebühren, Mahlzeiten","Getränke, Shop, Guide -Tipps,",2/2/2025,2/2/2025,20,John Doe - Lizenzierter Ägyptenologe,10-20 Personen,Hotellobby,9:00 Uhr,18:00 Uhr,4.5/16,81,Bild,info@egypttrips.com,+20 123 456 789,"Handtuch, Sonnencreme, Bargeld, Gehen ließen",Einfach,"Englisch, Französisch, Deutsch, Arabisch, Russisch., Polnisch,",2-70 Jahre alt,Bus vom Boot,"Mittagessen, Snacks",Kostenlose Stornierung innerhalb von 24 Stunden,Rollstuhl zugänglich,10% Rabatt für Gruppen von 4 oder mehr,"Montag, dienstags, donnerstags"
Trip047,Kairo,Islamische Kairo -Tour,"Eine faszinierende islamische Kairo -Tour und erkunden Sie das reiche islamische Erbe der Stadt! Besuchen Sie legendäre Sehenswürdigkeiten wie die Zitadelle von Saladin, die blaue Moschee und die atemberaubende Sultan Hassan -Moschee. Spazieren Sie durch alte Basare wie Khan El Khalili, wo Geschichte und Kultur zum Leben erweckt werden. Eine perfekte Möglichkeit, die architektonische Schönheit und spirituelle Bedeutung von Kairos zu entdecken!","Familie, Paare, Undeviduale, Gruppe",6 Stunden,15,9,"Transport, Führer, Ausrüstung, Mahlzeiten","Getränke, Shop, Guide -Tipps,",01.03.2025,01.03.2025,20,John Doe - Lizenzierter Ägyptenologe,10-20 Personen,Hotellobby,9:00 Uhr,16:00 Uhr,4.7/16,82,Bild,info@egypttrips.com,+20 123 456 789,"Handtuch, Sonnencreme, Bargeld, Gehen ließen",Mäßig,"Englisch, Französisch, Deutsch, Arabisch, Russisch., Polnisch,",2-70 Jahre alt,Bus vom Boot,"Mittagessen, Snacks",Kostenlose Stornierung innerhalb von 24 Stunden,Rollstuhl zugänglich,10% Rabatt für Gruppen von 4 oder mehr,"Montag, dienstags, donnerstags"
Trip048,Kairo,Nil River Dinner Cruise,"Segeln Sie Segel auf einer magischen Nil -Dinner -Kreuzfahrt in Kairo! Genießen Sie einen entspannten Abend, während Sie den historischen Fluss entlang fahren, mit atemberaubender Aussicht auf die Wahrzeichen der Stadt, einschließlich des Kairo -Turms und der Pyramiden. Gönnen Sie sich ein köstliches Abendessen, begleitet von Live -Musik und traditioneller Unterhaltung, und schaffen Sie eine perfekte Mischung aus Kultur, Küche und atemberaubenden Aussichten. Eine wirklich unvergessliche Erfahrung!","Familie, Paare, Undeviduale, Gruppe",4 Stunden,14,8,"Transport, Führer, Eintrittsgebühren, Mahlzeiten","Getränke, Shop, Guide -Tipps,",2/2/2025,2/2/2025,20,John Doe - Lizenzierter Ägyptenologe,10-20 Personen,Hotellobby,9:00 Uhr,18:00 Uhr,4.5/16,83,Bild,info@egypttrips.com,+20 123 456 789,"Handtuch, Sonnencreme, Bargeld, Gehen ließen",Einfach,"Englisch, Französisch, Deutsch, Arabisch, Russisch., Polnisch,",2-70 Jahre alt,Bus vom Boot,"Mittagessen, Snacks",Kostenlose Stornierung innerhalb von 24 Stunden,Rollstuhl zugänglich,10% Rabatt für Gruppen von 4 oder mehr,"Montag, dienstags, donnerstags"
Trip049,Kairo,Sound und Lichtshow in den Pyramiden,"Erleben Sie die Magie der alten Wunder Ägyptens über die Klang- und Lichtshow in den Pyramiden! Beobachten Sie, wie die Pyramiden von Giza mit lebendigen Lichtern, dramatischen Soundeffekten und Geschichtenerzählen, die die Geschichte der Pharaonen zum Leben erwecken, lebendig werden. Mit dem legendären Sphinx als Hintergrund ist diese faszinierende Show eine einzigartige und unvergessliche Möglichkeit, die Größe der Pyramiden unter dem Nachthimmel zu beobachten.","Familie, Paare, Undeviduale, Gruppe",4 Stunden,17,9,"Transport, Führer, Ausrüstung, Mahlzeiten","Getränke, Shop, Guide -Tipps,",01.03.2025,01.03.2025,20,John Doe - Lizenzierter Ägyptenologe,10-20 Personen,Hotellobby,9:00 Uhr,16:00 Uhr,4.7/17,84,Bild,info@egypttrips.com,+20 123 456 789,"Handtuch, Sonnencreme, Bargeld, Gehen ließen",Mäßig,"Englisch, Französisch, Deutsch, Arabisch, Russisch., Polnisch,",2-70 Jahre alt,Bus vom Boot,"Mittagessen, Snacks",Kostenlose Stornierung innerhalb von 24 Stunden,Rollstuhl zugänglich,10% Rabatt für Gruppen von 4 oder mehr,"Montag, dienstags, donnerstags"
Trip050,Kairo,Sakkara und Memphis Tour,"Treten Sie in die Vergangenheit mit einer Sakkara und einer Memphis -Tour! Entdecken Sie die alte Sakkara -Nekropole, die die berühmte Stiefpyramide von Djoser, einer der ältesten Pyramiden Ägyptens, beherbergt. Dann reisen Sie nach Memphis, der alten Hauptstadt Ägyptens, und entdecken Sie seine unglaublichen Ruinen, einschließlich des massiven Kolosss von Ramses II. Eine faszinierende Tour, die die Wurzeln der ägyptischen Zivilisation und ihre zeitlosen Wunder enthüllt!","Familie, Paare, Undeviduale, Gruppe",6 Stunden,19,11,"Transport, Führer, Eintrittsgebühren, Mahlzeiten","Getränke, Shop, Guide -Tipps,",2/2/2025,2/2/2025,20,John Doe - Lizenzierter Ägyptenologe,10-20 Personen,Hotellobby,9:00 Uhr,18:00 Uhr,4.5/17,85,Bild,info@egypttrips.com,+20 123 456 789,"Handtuch, Sonnencreme, Bargeld, Gehen ließen",Einfach,"Englisch, Französisch, Deutsch, Arabisch, Russisch., Polnisch,",2-70 Jahre alt,Bus vom Boot,"Mittagessen, Snacks",Kostenlose Stornierung innerhalb von 24 Stunden,Rollstuhl zugänglich,10% Rabatt für Gruppen von 4 oder mehr,"Montag, dienstags, donnerstags"
Trip051,Kairo,Kairo City Tour,"Entdecken Sie die lebendige Energie und die reiche Geschichte von Kairo mit einer faszinierenden Kairo -Tour! Entdecken Sie die geschäftigen Straßen, besuchen Sie legendäre Wahrzeichen wie Tahrir Square, das ägyptische Museum und die atemberaubende Moschee von Muhammad Ali. Spazieren Sie durch die lebhaften Märkte von Khan El Khalili und tauchen Sie in die Mischung aus der alten und modernen Kultur der Stadt ein. Eine perfekte Einführung in Kairos Charme und Geschichte!","Familie, Paare, Undeviduale, Gruppe",6 Stunden,8,4,"Transport, Führer, Ausrüstung, Mahlzeiten","Getränke, Shop, Guide -Tipps,",01.03.2025,01.03.2025,20,John Doe - Lizenzierter Ägyptenologe,10-20 Personen,Hotellobby,9:00 Uhr,16:00 Uhr,4.7/17,86,Bild,info@egypttrips.com,+20 123 456 789,"Handtuch, Sonnencreme, Bargeld, Gehen ließen",Mäßig,"Englisch, Französisch, Deutsch, Arabisch, Russisch., Polnisch,",2-70 Jahre alt,Bus vom Boot,"Mittagessen, Snacks",Kostenlose Stornierung innerhalb von 24 Stunden,Rollstuhl zugänglich,10% Rabatt für Gruppen von 4 oder mehr,"Montag, dienstags, donnerstags"
Trip053,Kairo,Nachttour durch die Pyramiden,"Erleben Sie die Magie der Pyramiden nachts mit einer faszinierenden Nachttour! Beobachten Sie die legendären Pyramiden von Giza unter den Sternen, da dramatische Klang und Lichteffekte die alten Wunder zum Leben erwecken. Erkunden Sie die Sphinx und die umliegenden Pyramiden in einer friedlichen, mystischen Atmosphäre und schaffen Sie eine einmalige Gelegenheit, diese historischen Wunder nach Einbruch der Dunkelheit zu erleben.","Familie, Paare, Undeviduale, Gruppe",6 Stunden,10,6,"Transport, Führer, Ausrüstung, Mahlzeiten","Getränke, Shop, Guide -Tipps,",01.03.2025,01.03.2025,20,John Doe - Lizenzierter Ägyptenologe,10-20 Personen,Hotellobby,9:00 Uhr,16:00 Uhr,4.7/18,88,Bild,info@egypttrips.com,+20 123 456 789,"Handtuch, Sonnencreme, Bargeld, Gehen ließen",Mäßig,"Englisch, Französisch, Deutsch, Arabisch, Russisch., Polnisch,",2-70 Jahre alt,Bus vom Boot,"Mittagessen, Snacks",Kostenlose Stornierung innerhalb von 24 Stunden,Rollstuhl zugänglich,10% Rabatt für Gruppen von 4 oder mehr,"Montag, dienstags, donnerstags"
Trip054,Kairo,Pyramiden der Combo -Tour von Giza und ägyptischem Museum,"Holen Sie sich die ultimative ägyptische Erfahrung mit den Pyramiden der Combo -Tour von Giza und ägyptischem Museum! Staunen Sie die beeindruckenden Pyramiden von Giza, der Sphinx und den alten Wunder der berühmtesten archäologischen Stätte Ägyptens. Gehen Sie dann zum ägyptischen Museum, um die Schätze der Pharaonen zu erkunden, einschließlich der goldenen Maske von Tutanchamun. Eine perfekte Mischung aus Geschichte, Kultur und Abenteuer in einem unvergesslichen Tag!","Familie, Paare, Undeviduale, Gruppe",Halbtag,18,9,"Transport, Führer, Eintrittsgebühren, Mahlzeiten","Getränke, Shop, Guide -Tipps,",2/2/2025,2/2/2025,20,John Doe - Lizenzierter Ägyptenologe,10-20 Personen,Hotellobby,9:00 Uhr,18:00 Uhr,4.5/18,89,Bild,info@egypttrips.com,+20 123 456 789,"Handtuch, Sonnencreme, Bargeld, Gehen ließen",Einfach,"Englisch, Französisch, Deutsch, Arabisch, Russisch., Polnisch,",2-70 Jahre alt,Bus vom Boot,"Mittagessen, Snacks",Kostenlose Stornierung innerhalb von 24 Stunden,Rollstuhl zugänglich,10% Rabatt für Gruppen von 4 oder mehr,"Montag, dienstags, donnerstags"
